Data_Point,Latitude,Longitude,Altitude,RSRP,RF_Channel,RSSI,SINR,RSRQ,OSTP,Text,Voice,Video
1,39.68869167,-106.9443733,2225.3,-54.77358246, , , , , ,Good,Good,Good
2,39.68865833,-106.944255,2226.1,-54.94885635, , , , , ,Good,Good,Good
3,39.68862167,-106.9440883,2226.8,-49.89,-33.26,-28.33,6.079,-4.571,-43.77,Good,Good,Good
4,39.68858667,-106.943955,2226.7,-54.86398697, , , , , ,Good,Good,Good
5,39.688555,-106.9438217,2226.3,-56.98684692, , , , , ,Good,Good,Good
6,39.68851167,-106.94366,2226.1,-60.13034821, , , , , ,Good,Good,Good
7,39.68846833,-106.94354,2227.2,-62.47877884, , , , , ,Good,Good,Good
8,39.68841,-106.94342,2228.7,-65.50151825, , , , , ,Good,Good,Good
9,39.68835167,-106.94332,2230.6,-67.44471741, , , , , ,Good,Good,Good
10,39.68829833,-106.943225,2232.2,-69.68625641, , , , , ,Good,Good,Good
11,39.68823667,-106.94311,2233.9,-72.3942337, , , , , ,Good,Good,Good
12,39.68817333,-106.9429867,2235.6,-73.74344635, , , , , ,Good,Good,Good
13,39.68811167,-106.9428483,2237.6,-74.61699677, , , , , ,Good,Good,Good
14,39.68806,-106.9427133,2238.8,-76.36027527, , , , , ,Good,Good,Good
15,39.68801,-106.9425817,2239.2,-77.24225616, , , , , ,Good,Good,Good
16,39.68795667,-106.9424417,2238.7,-77.78170013, , , , , ,Good,Good,Good
17,39.68789833,-106.9422933,2238,-78.40171051, , , , , ,Good,Good,Good
18,39.687825,-106.9421433,2238,-78.92158508, , , , , ,Good,Good,Good
19,39.68774833,-106.941985,2237.5,-79.36523438, , , , , ,Good,Good,Good
20,39.68768667,-106.9418433,2236.7,-79.90107727, , , , , ,Good,Good,Good
21,39.68762667,-106.94171,2235.8,-97.69,-77.5,-72.99,1.704,-7.71,-84.07,Good,Good,Good
22,39.68755833,-106.94155,2234.8,-105,-81.94,-79.37,0.642,-8.688,-83.91,Maybe,Maybe,Maybe
23,39.68749167,-106.9413983,2233.1,-116.6,-83.95,-83.69,-2.779,-15.9,-84.12,No,No,No
24,39.68743833,-106.94126,2232,-79.68750763, , , , , ,Good,Good,Good
25,39.68738667,-106.941125,2231.2,-75.34921265, , , , , ,Good,Good,Good
26,39.68734167,-106.94115,2231.2,-116.4,-83.94,-83.64,-1.186,-15.78,-84.2,No,No,No
27,39.68728833,-106.941215,2231.9,-84.90248871, , , , , ,Good,Good,Good
28,39.687245,-106.9413017,2232,-98.23069, , , , , ,Good,Good,Good
29,39.68717333,-106.941295,2231.1,-110.1717148, , , , , ,No,No,No
30,39.68709333,-106.941325,2230.6,-119.4031219, , , , , ,No,No,No
31,39.68699833,-106.94134,2229.7,-131.8442841, , , , , ,No,No,No
32,39.68692,-106.9413833,2229.7,-125.8573685, , , , , ,No,No,No
33,39.68685167,-106.94146,2230,-113.4,-83.61,-82.89,-0.94,-13.53,-84.1,No,No,No
34,39.68679167,-106.9415217,2229.4,-105.5,-82.46,-80.15,0.992,-8.366,-83.96,Maybe,Maybe,Maybe
35,39.68671,-106.94156,2228.6,-100.6,-80.59,-76.98,2.51,-6.641,-84.05,Good,Good,Maybe
36,39.68667333,-106.9416167,2228.5,-106.2,-82.24,-79.67,-0.147,-9.589,-83.95,Maybe,Maybe,Maybe
37,39.686645,-106.94171,2228.4,-103.2,-81.59,-78.57,0.966,-7.673,-84.07,Good,Good,Maybe
38,39.686595,-106.9418117,2227.8,-106.7,-82.91,-81.03,1.018,-8.645,-83.95,Maybe,Maybe,Maybe
39,39.68658667,-106.941875,2227.8,-106.7,-82.82,-80.82,0.0647,-8.924,-84.13,Maybe,Maybe,Maybe
40,39.686635,-106.9419867,2227.8,-110.5476532, , , , , ,No,No,No
41,39.686675,-106.9420917,2228.3,-103.4016266, , , , , ,Good,Good,Maybe
42,39.68669833,-106.942225,2228.7,-96.03208923, , , , , ,Good,Good,Good
43,39.68672833,-106.9423367,2228.5,-86.07907104, , , , , ,Good,Good,Good
44,39.68677167,-106.94244,2228.3,-80.60629272, , , , , ,Good,Good,Good
45,39.68681833,-106.9425367,2227.7,-80.29857636, , , , , ,Good,Good,Good
46,39.68692,-106.9425917,2227.7,-79.95196533, , , , , ,Good,Good,Good
47,39.68699,-106.9426883,2227.4,-79.42692566, , , , , ,Good,Good,Good
48,39.68705167,-106.9427583,2226.7,-78.97795105, , , , , ,Good,Good,Good
49,39.68713667,-106.942825,2227,-78.33638763, , , , , ,Good,Good,Good
50,39.68720833,-106.94292,2226.2,-75.13868713, , , , , ,Good,Good,Good
51,39.68726,-106.94303,2226.8,-103.1,-81.25,-78.01,1.19,-8.145,-84.01,Good,Good,Maybe
52,39.68729333,-106.9431233,2227.1,-92.86,-74.64,-69.73,3.086,-6.138,-84.07,Good,Good,Good
53,39.68735167,-106.943215,2228.2,-94.24,-75.07,-70.45,2.366,-6.797,-82.06,Good,Good,Good
54,39.68741667,-106.9433183,2228.3,-95.92,-77.63,-73.42,5.073,-5.509,-83.2,Good,Good,Good
55,39.68749,-106.9434117,2227.5,-95.92,-77.63,-73.42,5.073,-5.509,-83.2,Good,Good,Good
56,39.687585,-106.9434667,2225.6,-95.92,-77.63,-73.42,5.073,-5.509,-83.2,Good,Good,Good
57,39.687645,-106.9435733,2223.5,-95.92,-77.63,-73.42,5.073,-5.509,-83.2,Good,Good,Good
58,39.68765167,-106.943595,2223.4,-95.92,-77.63,-73.42,5.073,-5.509,-83.2,Good,Good,Good
59,39.687665,-106.94362,2221.7,-71.31822968, , , , , ,Good,Good,Good
60,39.68772167,-106.9437267,2221.2,-70.00450897, , , , , ,Good,Good,Good
61,39.68779333,-106.943825,2219.1,-67.65813446, , , , , ,Good,Good,Good
62,39.68782167,-106.9438817,2217.9,-66.60083771, , , , , ,Good,Good,Good
63,39.68791833,-106.9439383,2218.1,-63.37085724, , , , , ,Good,Good,Good
64,39.688,-106.9440083,2218.9,-60.25928879, , , , , ,Good,Good,Good
65,39.68808167,-106.9440783,2220.2,-58.38235855, , , , , ,Good,Good,Good
66,39.68820167,-106.944135,2222,-56.8851738, , , , , ,Good,Good,Good
67,39.68827167,-106.944165,2223.4,-56.1316452, , , , , ,Good,Good,Good
68,39.68835833,-106.9441833,2224.2,-55.87930298, , , , , ,Good,Good,Good
69,39.68841167,-106.9442367,2224.6,-77.34,-59.68,-54.45,2.658,-5.9,-83.99,Good,Good,Good
70,39.68848167,-106.94428,2225.6,-77.34,-59.68,-54.45,2.658,-5.9,-83.99,Good,Good,Good
71,39.68855,-106.9443633,2226.2,-74.61,-55.46,-50.53,1.356,-7.09,-65.53,Good,Good,Good
72,39.68864,-106.94441,2227.3,-63.03,-45.42,-40.51,3.126,-5.522,-56.08,Good,Good,Good
73,39.68865833,-106.9444767,2226.7,-63.03,-45.42,-40.51,3.126,-5.522,-56.08,Good,Good,Good
74,39.68867833,-106.9444767,2225.3,-44.05,-19.76,-14.85,-0.978,-12.21,-29.79,Good,Good,Good
75,39.68869167,-106.94447,2225,-39.93,-21.85,-16.96,2.886,-5.984,-32.03,Good,Good,Good
76,39.68869833,-106.9444633,2224.5,-39.56,-21.33,-16.1,2.27,-6.475,-75.63,Good,Good,Good
77,39.68868333,-106.94447,2224.4,-51.08,-17.79,-12.99,21.71,-21.09,-27.28,Good,Good,Good
78,39.688675,-106.9444867,2225.4,-38.26,-18.24,-13.51,1.067,-7.763,-27.05,Good,Good,Good
79,39.68858167,-106.9445167,2224.4,-54.8599472, , , , , ,Good,Good,Good
80,39.68846167,-106.9445433,2223.9,-55.33570862, , , , , ,Good,Good,Good
81,39.68836,-106.9445783,2223.6,-55.67982483, , , , , ,Good,Good,Good
82,39.68824667,-106.9446217,2223.1,-56.12761688, , , , , ,Good,Good,Good
83,39.68814667,-106.94466,2222.5,-57.40494919, , , , , ,Good,Good,Good
84,39.68811,-106.944725,2222.4,-58.18844986, , , , , ,Good,Good,Good
85,39.68806,-106.9447783,2222.6,-59.24199677, , , , , ,Good,Good,Good
86,39.68800167,-106.9448233,2222,-60.54739761, , , , , ,Good,Good,Good
87,39.68795,-106.9448783,2221.9,-61.71415329, , , , , ,Good,Good,Good
88,39.68788667,-106.944915,2222.4,-63.19694901, , , , , ,Good,Good,Good
89,39.68783667,-106.94498,2222.8,-65.64116669, , , , , ,Good,Good,Good
90,39.687785,-106.94503,2223,-67.4727478, , , , , ,Good,Good,Good
91,39.687705,-106.945085,2222.5,-69.33765411, , , , , ,Good,Good,Good
92,39.68764167,-106.945145,2222.2,-70.36148834, , , , , ,Good,Good,Good
93,39.68755,-106.9451433,2221.1,-79.97,-62.99,-57.7,4.731,-5.28,-83.84,Good,Good,Good
94,39.687475,-106.94517,2220.6,-79.97,-62.99,-57.7,4.731,-5.28,-83.84,Good,Good,Good
95,39.68741333,-106.94519,2220.6,-79.97,-62.99,-57.7,4.731,-5.28,-83.84,Good,Good,Good
96,39.68737833,-106.9452333,2219.2,-79.97,-62.99,-57.7,4.731,-5.28,-83.84,Good,Good,Good
97,39.68729333,-106.9452483,2217.7,-93.78,-75.66,-70.84,1.579,-5.954,-83.93,Good,Good,Good
98,39.68722167,-106.94522,2216.4,-99.6,-79.31,-75.47,0.927,-7.146,-83.33,Good,Good,Good
99,39.68715,-106.9452217,2215,-95.26,-75.44,-70.93,1.604,-7.335,-81.95,Good,Good,Good
100,39.68707833,-106.945235,2214.1,-100.7,-80.21,-76.4,-0.0846,-7.336,-84,Good,Good,Maybe
101,39.68698833,-106.9452667,2212.6,-101,-79.97,-76.51,1.532,-7.55,-83.36,Good,Good,Maybe
102,39.68692,-106.94527,2211.1,-97.89,-77.97,-74.02,2.425,-6.877,-82.15,Good,Good,Good
103,39.686855,-106.9452483,2211.1,-103.3,-81.66,-78.83,2.276,-7.511,-83.82,Good,Good,Maybe
104,39.686775,-106.9452283,2211.6,-96.1,-77,-72.51,2.129,-6.599,-83.79,Good,Good,Good
105,39.686705,-106.9451983,2212,-101.8,-80.24,-76.79,-1.663,-8.036,-83.25,Good,Good,Maybe
106,39.68663333,-106.9452317,2211.5,-99.61,-78.76,-74.72,0.619,-7.902,-83.28,Good,Good,Good
107,39.68658,-106.94525,2210.9,-96.47,-76.94,-72.38,1.194,-7.099,-83.87,Good,Good,Good
108,39.68658167,-106.945245,2210.6,-97.39,-78.09,-74.28,2.818,-6.118,-82.37,Good,Good,Good
109,39.686495,-106.945275,2209.5,-98.5,-78.89,-74.98,4.24,-6.526,-82.98,Good,Good,Good
110,39.68639,-106.9452883,2208.9,-95.95,-76.23,-72.26,2.569,-6.693,-81.46,Good,Good,Good
111,39.686295,-106.945265,2208.5,-106.5,-82.26,-80.07,18.57,-9.416,-83.92,Maybe,Maybe,Maybe
112,39.68619833,-106.94528,2207.6,-98.96,-79.7,-75.78,2.209,-6.198,-84.03,Good,Good,Good
113,39.68613167,-106.9452917,2206.7,-106.8,-82.55,-80.55,0.214,-9.268,-83.73,Maybe,Maybe,Maybe
114,39.686055,-106.9453333,2205.6,-99.7,-79.58,-75.95,2.244,-6.764,-83.3,Good,Good,Good
115,39.68595833,-106.9453533,2204.1,-105.5,-82.37,-80.1,0.874,-8.438,-83.86,Maybe,Maybe,Maybe
116,39.68587167,-106.94534,2203.3,-107.7,-83.09,-81.64,1.631,-9.031,-83.82,Maybe,Maybe,Maybe
117,39.68583667,-106.9453867,2201.7,-104.7,-82.16,-79.71,3.021,-7.982,-84.04,Good,Good,Maybe
118,39.68581167,-106.9454117,2200.2,-110.4,-83.41,-82.56,1.495,-10.83,-83.94,No,No,No
119,39.68576167,-106.94542,2200.7,-118.8,-83.79,-83.53,-1.635,-18.31,-83.95,No,No,No
120,39.68579833,-106.9454133,2200.5,-105.7,-82.2,-80.06,2.261,-8.634,-83.66,Maybe,Maybe,Maybe
121,39.68584,-106.94543,2200.6,-116.8,-83.7,-83.43,-2.415,-16.39,-83.79,No,No,No
122,39.68586,-106.94549,2200.4,-109.9578171, , , , , ,Maybe,Maybe,Maybe
123,39.685835,-106.9455667,2200.5,-116.4,-83.65,-83.25,-2.967,-16.17,-83.96,No,No,No
124,39.68581333,-106.9455933,2201.9,-106.5,-82.49,-80.46,2.115,-9.087,-83.63,Maybe,Maybe,Maybe
125,39.68577833,-106.9456367,2202.6,-94.58,-75.27,-70.49,1.395,-7.092,-83.93,Good,Good,Good
126,39.68575,-106.9456983,2203.7,-98.94,-79.61,-75.61,1.521,-6.343,-83.9,Good,Good,Good
127,39.68571,-106.9457683,2204.4,-95.86,-76.35,-71.86,2.31,-7.019,-82.53,Good,Good,Good
128,39.685655,-106.9458383,2204.2,-95.91,-77.21,-72.94,3.66,-5.981,-82.83,Good,Good,Good
129,39.68560167,-106.94592,2203.6,-103.5,-81.41,-78.67,1.867,-7.815,-83.49,Good,Good,Maybe
130,39.685525,-106.9459317,2203.9,-117.3,-82.77,-81.06,-0.368,-19.21,-83.81,No,No,No
131,39.68545167,-106.9458933,2204.1,-95.58,-77.29,-72.75,2.77,-5.839,-83.98,Good,Good,Good
132,39.68541333,-106.9458283,2204.8,-90.18821716, , , , , ,Good,Good,Good
133,39.68534833,-106.9457867,2205.4,-87.42331696, , , , , ,Good,Good,Good
134,39.68532667,-106.9456883,2206.5,-85.08924103, , , , , ,Good,Good,Good
135,39.68535833,-106.9455917,2207.2,-94.81919098, , , , , ,Good,Good,Good
136,39.685385,-106.9455117,2208.2,-114.6244125, , , , , ,No,No,No
137,39.68537333,-106.94541,2208.3,-126.2004013, , , , , ,No,No,No
138,39.68531,-106.9454,2208.4,-90.8,-74.17,-69.39,8.574,-4.421,-82.35,Good,Good,Good
139,39.68527,-106.9454417,2207.7,-84.7,-68.43,-63.59,7.055,-4.117,-77.62,Good,Good,Good
140,39.68519333,-106.94544,2206.7,-93.2,-76.44,-72.14,8.101,-4.066,-81.71,Good,Good,Good
141,39.68507333,-106.945375,2206.4,-91.17,-73.48,-69.15,5.035,-5.032,-79.38,Good,Good,Good
142,39.68497,-106.945345,2205.7,-97.91,-79.62,-75.96,5.741,-4.961,-83.22,Good,Good,Good
143,39.68485667,-106.9453133,2205.1,-101.9,-81.74,-78.97,4.102,-5.915,-83.76,Good,Good,Maybe
144,39.68475,-106.9453217,2204.4,-103.5,-82.08,-79.89,5.037,-6.627,-83.45,Good,Good,Maybe
145,39.684655,-106.9453217,2204.2,-104.9,-82.61,-80.66,-0.45,-7.258,-83.68,Good,Good,Maybe
146,39.68458333,-106.9453017,2204.3,-104.6,-82.66,-80.73,4.531,-6.846,-84,Good,Good,Maybe
147,39.68449833,-106.94529,2204.2,-94.25,-76.85,-72.33,4.108,-4.931,-83.87,Good,Good,Good
148,39.684425,-106.94531,2204.5,-98.87,-80.05,-76.47,6.49,-5.413,-83.47,Good,Good,Good
149,39.684365,-106.94533,2205.1,-88.64,-71.91,-66.81,3.835,-4.844,-83.88,Good,Good,Good
150,39.684295,-106.945295,2204.8,-87.04,-70.58,-65.49,4.948,-4.565,-83.81,Good,Good,Good
151,39.684235,-106.9452767,2205.3,-97.14,-78.46,-74.21,2.264,-5.943,-83.74,Good,Good,Good
152,39.68417,-106.9452533,2205.8,-91.59,-73.8,-69.13,3.139,-5.469,-81.32,Good,Good,Good
153,39.68409667,-106.9452183,2206.4,-88.53034973, , , , , ,Good,Good,Good
154,39.68402667,-106.94521,2206.3,-88.63869476, , , , , ,Good,Good,Good
155,39.68397833,-106.9451583,2206.8,-88.71708679, , , , , ,Good,Good,Good
156,39.68391167,-106.9451217,2207.2,-88.87216949, , , , , ,Good,Good,Good
157,39.68386833,-106.94508,2208,-88.98019409, , , , , ,Good,Good,Good
158,39.68382667,-106.9450433,2208.1,-89.07572937, , , , , ,Good,Good,Good
159,39.68379,-106.9449983,2208.9,-89.14268494, , , , , ,Good,Good,Good
160,39.68373333,-106.944975,2209.7,-89.24248505, , , , , ,Good,Good,Good
161,39.68367333,-106.944955,2210.2,-89.34127808, , , , , ,Good,Good,Good
162,39.683625,-106.9449417,2210.9,-89.42076111, , , , , ,Good,Good,Good
163,39.68357667,-106.9448883,2211.8,-89.47718811, , , , , ,Good,Good,Good
164,39.68352333,-106.9448733,2212.6,-89.60177612, , , , , ,Good,Good,Good
165,39.68346333,-106.9448467,2213,-89.73974609, , , , , ,Good,Good,Good
166,39.68341333,-106.9448033,2213.5,-88.64,-71.11,-66.03,3.781,-5.617,-84.18,Good,Good,Good
167,39.68333833,-106.9447883,2213.2,-88.85,-71.6,-66.54,2.64,-5.317,-84.19,Good,Good,Good
168,39.68327,-106.9447867,2213.4,-92.76,-74.4,-69.86,4.218,-5.918,-81.71,Good,Good,Good
169,39.6832,-106.944775,2213.8,-92.48,-74.63,-70.1,3.467,-5.396,-81.7,Good,Good,Good
170,39.68313667,-106.9447783,2213.7,-92.48,-74.63,-70.1,3.467,-5.396,-81.7,Good,Good,Good
171,39.683085,-106.944775,2213.5,-92.48,-74.63,-70.1,3.467,-5.396,-81.7,Good,Good,Good
172,39.68301667,-106.944755,2213.7,-92.48,-74.63,-70.1,3.467,-5.396,-81.7,Good,Good,Good
173,39.682955,-106.9447383,2214.6,-90.72258759, , , , , ,Good,Good,Good
174,39.68290833,-106.9447183,2214.1,-90.81060791, , , , , ,Good,Good,Good
175,39.682855,-106.9447117,2214.7,-90.90952301, , , , , ,Good,Good,Good
176,39.68282333,-106.9447233,2214.6,-90.96372986, , , , , ,Good,Good,Good
177,39.68283667,-106.94475,2213.8,-90.94181824, , , , , ,Good,Good,Good
178,39.682845,-106.9448083,2214.8,-90.92373657, , , , , ,Good,Good,Good
179,39.68288,-106.94484,2212.9,-90.85600281, , , , , ,Good,Good,Good
180,39.68287667,-106.9449133,2211.3,-90.85906982, , , , , ,Good,Good,Good
181,39.68290333,-106.944955,2209.7,-90.81271362, , , , , ,Good,Good,Good
182,39.68288333,-106.945035,2211.4,-90.84960938, , , , , ,Good,Good,Good
183,39.68287833,-106.94511,2212.3,-90.85488892, , , , , ,Good,Good,Good
184,39.68287833,-106.94517,2212.3,-90.84815216, , , , , ,Good,Good,Good
185,39.68287167,-106.9452117,2212.3,-90.85243988, , , , , ,Good,Good,Good
186,39.68287,-106.94527,2211.3,-90.84815216, , , , , ,Good,Good,Good
187,39.68287833,-106.9453317,2211.8,-90.84729767, , , , , ,Good,Good,Good
188,39.68288167,-106.9453767,2211.9,-90.85014343, , , , , ,Good,Good,Good
189,39.68289667,-106.9454267,2212.2,-91.72,-72.24,-67.17,0.812,-7.558,-84.05,Good,Good,Good
190,39.68291167,-106.945485,2212.4,-78.48,-60.13,-55.52,2.917,-5.966,-67.62,Good,Good,Good
191,39.68292667,-106.9455567,2213.8,-83.44,-65.05,-60.27,2.677,-6.177,-73.28,Good,Good,Good
192,39.68293667,-106.9456283,2213.7,-83.44,-65.05,-60.27,2.677,-6.177,-73.28,Good,Good,Good
193,39.68290833,-106.9457167,2214.1,-83.44,-65.05,-60.27,2.677,-6.177,-73.28,Good,Good,Good
194,39.68288667,-106.9457683,2214.5,-79.39,-62.21,-56.96,40.58,-5.435,-83.99,Good,Good,Good
195,39.68285333,-106.9458383,2215.1,-79.58,-61.86,-56.92,2.916,-5.667,-72.05,Good,Good,Good
196,39.68283333,-106.9459267,2215,-79.58,-61.86,-56.92,2.916,-5.667,-72.05,Good,Good,Good
197,39.68276167,-106.9460117,2214.9,-84.66,-67.65,-62.49,3.807,-5.183,-83.89,Good,Good,Good
198,39.68277,-106.946095,2215.3,-84.66,-67.65,-62.49,3.807,-5.183,-83.89,Good,Good,Good
199,39.68274167,-106.9462,2215.4,-86.01,-68.78,-63.61,3.772,-5.411,-83.96,Good,Good,Good
200,39.68270167,-106.94629,2215.3,-85.84,-68.39,-63.25,3.249,-5.602,-84,Good,Good,Good
201,39.68269167,-106.9463717,2215.9,-87.34,-69.35,-64.43,2.721,-5.918,-79.26,Good,Good,Good
202,39.68269667,-106.9464517,2215.9,-87.34,-69.35,-64.43,2.721,-5.918,-79.26,Good,Good,Good
203,39.68272333,-106.9465383,2215.9,-90.53,-71.6,-66.79,1.828,-6.753,-80.02,Good,Good,Good
204,39.682725,-106.9466133,2215.9,-87,-68.9,-64.08,2.474,-5.93,-78.21,Good,Good,Good
205,39.68274333,-106.9466917,2215.7,-87,-68.9,-64.08,2.474,-5.93,-78.21,Good,Good,Good
206,39.68272,-106.946795,2214.7,-87,-68.9,-64.08,2.474,-5.93,-78.21,Good,Good,Good
207,39.68267833,-106.94691,2214.4,-87,-68.9,-64.08,2.474,-5.93,-78.21,Good,Good,Good
208,39.68262167,-106.9469667,2214.3,-87,-68.9,-64.08,2.474,-5.93,-78.21,Good,Good,Good
209,39.68259833,-106.947035,2213.7,-87,-68.9,-64.08,2.474,-5.93,-78.21,Good,Good,Good
210,39.68264,-106.9470583,2213.6,-101.3,-80.24,-76.62,1.333,-7.686,-83.77,Good,Good,Maybe
211,39.68267,-106.9471167,2213.2,-102.1,-79.94,-76.29,0.161,-8.838,-83.51,Good,Good,Maybe
212,39.68269667,-106.94717,2213,-91.75,-72.57,-67.82,1.491,-6.942,-80.67,Good,Good,Good
213,39.682755,-106.9472117,2212.6,-100.8,-79.77,-75.79,0.568,-8.022,-83.97,Good,Good,Maybe
214,39.68283833,-106.9472567,2211.9,-91.44034576, , , , , ,Good,Good,Good
215,39.68286667,-106.9473217,2210.9,-91.44676209, , , , , ,Good,Good,Good
216,39.68290667,-106.947365,2210.3,-91.40523529, , , , , ,Good,Good,Good
217,39.68296167,-106.9473733,2210.8,-91.32884979, , , , , ,Good,Good,Good
218,39.68302667,-106.9473883,2209.5,-91.23855591, , , , , ,Good,Good,Good
219,39.68309,-106.9474167,2208.9,-91.1503067, , , , , ,Good,Good,Good
220,39.68314,-106.947455,2208.1,-91.09551239, , , , , ,Good,Good,Good
221,39.68319333,-106.947485,2207.4,-91.04009247, , , , , ,Good,Good,Good
222,39.68324,-106.9475317,2207.4,-90.83068848, , , , , ,Good,Good,Good
223,39.68328333,-106.9475817,2206.7,-90.26390076, , , , , ,Good,Good,Good
224,39.68330167,-106.9476167,2206.5,-89.90065002, , , , , ,Good,Good,Good
225,39.68334167,-106.9476217,2206.3,-89.80594635, , , , , ,Good,Good,Good
226,39.68337333,-106.9476617,2205.3,-89.40571594, , , , , ,Good,Good,Good
227,39.68341333,-106.9477017,2204,-89.16674042, , , , , ,Good,Good,Good
228,39.68342667,-106.947775,2203.6,-93.8,-74.83,-69.96,1.677,-6.842,-84.03,Good,Good,Good
229,39.68345,-106.9478317,2203.4,-93.8,-74.83,-69.96,1.677,-6.842,-84.03,Good,Good,Good
230,39.6835,-106.94788,2202.4,-96.86,-77.42,-73.16,2.269,-6.705,-83.07,Good,Good,Good
231,39.68352,-106.9479367,2202.1,-93.75,-74.58,-69.68,1.41,-7.08,-84.28,Good,Good,Good
232,39.68355333,-106.9479867,2202.2,-93.97,-74.94,-70.31,1.799,-6.672,-82,Good,Good,Good
233,39.68359833,-106.94804,2201.7,-96.21,-76.87,-72.47,2.299,-6.743,-82.88,Good,Good,Good
234,39.68364667,-106.948075,2201.2,-105.7,-82.45,-80.13,1.531,-8.57,-83.98,Maybe,Maybe,Maybe
235,39.68367333,-106.9481483,2201.4,-96.36,-77.09,-72.81,2.795,-6.557,-82.87,Good,Good,Good
236,39.68366,-106.9481967,2201.1,-92.71,-74.17,-69.24,1.793,-6.489,-84.16,Good,Good,Good
237,39.68366667,-106.9482067,2201.1,-102.3,-80.38,-77.19,1.388,-8.167,-83.27,Good,Good,Maybe
238,39.68367167,-106.9482217,2201.3,-104.9,-81.81,-79.09,0.642,-8.801,-83.9,Good,Good,Maybe
239,39.68365833,-106.9482667,2201.5,-101.6,-80.51,-77.07,1.515,-7.498,-83.69,Good,Good,Maybe
240,39.68364667,-106.9483567,2201,-101.6,-80.51,-77.07,1.515,-7.498,-83.69,Good,Good,Maybe
241,39.68361833,-106.9484433,2200.9,-107.8,-82.73,-80.91,1.203,-9.887,-83.74,Maybe,Maybe,Maybe
242,39.68361167,-106.9485433,2200.5,-96.26,-77.08,-72.47,2.581,-6.802,-84.09,Good,Good,Good
243,39.68362167,-106.9486033,2200.5,-95.85,-76.38,-71.93,2.222,-6.928,-82.57,Good,Good,Good
244,39.68365167,-106.948665,2200.5,-92.17,-73.96,-69.01,2.202,-6.165,-84.2,Good,Good,Good
245,39.68367833,-106.94874,2200.8,-97.94,-78.13,-74.01,1.581,-6.945,-83.16,Good,Good,Good
246,39.68372,-106.9487967,2200.8,-94.23,-75.78,-70.98,1.826,-6.262,-84.16,Good,Good,Good
247,39.68376167,-106.94884,2200.9,-104.5,-82.23,-79.79,2.059,-7.703,-83.93,Good,Good,Maybe
248,39.68378667,-106.9489117,2200.7,-92.84,-74.28,-69.36,2.035,-6.489,-84.3,Good,Good,Good
249,39.68379333,-106.9489667,2200.7,-96.53,-76.82,-72.16,1.279,-7.384,-84.11,Good,Good,Good
250,39.68380833,-106.9490417,2201.1,-108.2,-83.45,-82.11,0.515,-9.116,-84.18,Maybe,Maybe,Maybe
251,39.68386,-106.9490717,2201.1,-106,-82.46,-80.32,1.5,-8.718,-83.87,Maybe,Maybe,Maybe
252,39.68391667,-106.9490733,2201.3,-104.4,-82.55,-80.18,2.689,-7.248,-84.2,Good,Good,Maybe
253,39.68396167,-106.9490967,2201.8,-107.1,-83.04,-81.34,1.353,-8.747,-83.88,Maybe,Maybe,Maybe
254,39.684025,-106.9491233,2201.6,-108.5,-83.19,-81.65,-1.211,-9.855,-84.09,Maybe,Maybe,Maybe
255,39.68409833,-106.94914,2201.6,-86.71146393, , , , , ,Good,Good,Good
256,39.68410833,-106.9492167,2201.6,-88.28157043, , , , , ,Good,Good,Good
257,39.68407,-106.9492833,2201.4,-88.89283752, , , , , ,Good,Good,Good
258,39.68404333,-106.949325,2201.7,-89.35266113, , , , , ,Good,Good,Good
259,39.684045,-106.94934,2201.9,-89.31473541, , , , , ,Good,Good,Good
260,39.68407667,-106.9494,2201.7,-88.68370056, , , , , ,Good,Good,Good
261,39.68411667,-106.9494417,2201.9,-87.87596893, , , , , ,Good,Good,Good
262,39.68416667,-106.94949,2202.2,-86.76519775, , , , , ,Good,Good,Good
263,39.68420333,-106.9495567,2202.3,-84.85694122, , , , , ,Good,Good,Good
264,39.68423667,-106.9496217,2202.8,-83.00188446, , , , , ,Good,Good,Good
265,39.68426667,-106.9496633,2202.9,-81.6162796, , , , , ,Good,Good,Good
266,39.68430333,-106.9497067,2202.9,-100.1,-80.29,-76.5,2.394,-6.614,-84.22,Good,Good,Maybe
267,39.68434333,-106.9497483,2202.8,-78.68173218, , , , , ,Good,Good,Good
268,39.68438333,-106.949805,2202.6,-99.16,-79.15,-74.98,1.469,-7.182,-84.34,Good,Good,Good
269,39.68442333,-106.9498533,2202.5,-97.25,-77.28,-73,1.765,-7.257,-83.04,Good,Good,Good
270,39.68447167,-106.949885,2202,-114.4,-82.91,-80.94,0.735,-16.51,-84.13,No,No,No
271,39.68449667,-106.949935,2201.9,-98.78,-78.75,-74.74,2.151,-7.054,-83.35,Good,Good,Good
272,39.68455167,-106.9499567,2201.9,-80.16920471, , , , , ,Good,Good,Good
273,39.68461167,-106.9499083,2201,-80.02187347, , , , , ,Good,Good,Good
274,39.68466333,-106.94983,2200.2,-79.11470795, , , , , ,Good,Good,Good
275,39.68472833,-106.949735,2200.1,-79.05397797, , , , , ,Good,Good,Good
276,39.68479167,-106.9496333,2200.2,-83.79101563, , , , , ,Good,Good,Good
277,39.684845,-106.9495333,2199.9,-96.84673309, , , , , ,Good,Good,Good
278,39.68490167,-106.9494533,2199.7,-116.9325027, , , , , ,No,No,No
279,39.68495833,-106.94936,2199.2,-122.4122467, , , , , ,No,No,No
280,39.68501,-106.9492733,2198.8,-113.879837, , , , , ,No,No,No
281,39.685075,-106.949165,2198.7,-106.0987701, , , , , ,Maybe,Maybe,Maybe
282,39.68514167,-106.9490783,2198.5,-107.1270218, , , , , ,Maybe,Maybe,Maybe
283,39.68519667,-106.9490033,2198.3,-108.6174088, , , , , ,Maybe,Maybe,Maybe
284,39.68527167,-106.9489133,2198.3,-115.3583298, , , , , ,No,No,No
285,39.68531833,-106.9487983,2197.7,-127.8682632, , , , , ,No,No,No
286,39.68536833,-106.9487067,2197.7,-131.8530273, , , , , ,No,No,No
287,39.685425,-106.9486117,2197.8,-136.6590576, , , , , ,No,No,No
288,39.68547167,-106.9485,2198,-113.6,-83.78,-83.01,-2.728,-13.57,-84.24,No,No,No
289,39.68554333,-106.9483733,2198.1,-107.9,-82.86,-80.8,2.929,-10.12,-83.98,Maybe,Maybe,Maybe
290,39.68561,-106.948275,2197.9,-116.9,-83.72,-82.89,-2.303,-17.04,-84.03,No,No,No
291,39.68565667,-106.9481733,2196.5,-109.5,-83.31,-81.94,1.075,-10.62,-84.07,Maybe,Maybe,Maybe
292,39.68568667,-106.948075,2195.2,-109.1,-83.12,-81.53,1.701,-10.53,-84.12,Maybe,Maybe,Maybe
293,39.68567833,-106.9479733,2193.9,-154.3517151, , , , , ,No,No,No
294,39.68566333,-106.9478667,2192.9,-106.6,-82.59,-80.61,0.918,-8.969,-83.85,Maybe,Maybe,Maybe
295,39.685635,-106.94778,2192.7,-154.3309631, , , , , ,No,No,No
296,39.68560833,-106.9477,2192.6,-106,-82.57,-80.14,1.934,-8.905,-84.2,Maybe,Maybe,Maybe
297,39.68558833,-106.947615,2193,-153.4338074, , , , , ,No,No,No
298,39.68557167,-106.9475233,2193.3,-116.2,-84.03,-83.69,-2.112,-15.48,-84.16,No,No,No
299,39.68557833,-106.94743,2194,-123.1,-84.14,-84.04,-3.336,-22.06,-84.26,No,No,No
300,39.68559167,-106.94732,2195.6,-121.3,-84.1,-83.82,-2.359,-20.52,-84.17,No,No,No
301,39.68566667,-106.94724,2197,-112.9350433, , , , , ,No,No,No
302,39.68575667,-106.9471817,2197.9,-107.7,-83.12,-81.46,3.423,-9.205,-84.22,Maybe,Maybe,Maybe
303,39.68584167,-106.9471333,2198.5,-112.5,-83.49,-81.96,-3.172,-13.53,-84.38,No,No,No
304,39.68590333,-106.9471217,2199.4,-102.6,-81.9,-78.93,1.414,-6.683,-84.27,Good,Good,Maybe
305,39.685985,-106.9471267,2200,-100.4,-79.7,-76.01,1.195,-7.386,-83.54,Good,Good,Maybe
306,39.68607,-106.947115,2200.4,-110.1,-83.4,-82.01,-0.558,-11.12,-84.24,No,No,No
307,39.68615,-106.9470733,2200.8,-105.1,-82.05,-79.13,3.413,-8.945,-84.28,Maybe,Maybe,Maybe
308,39.68622333,-106.947035,2201,-114.6,-83.4,-82.11,-1.842,-15.45,-84.14,No,No,No
309,39.686285,-106.9469967,2201.2,-116.2,-83.79,-83.16,-2.633,-16.09,-84.05,No,No,No
310,39.68635833,-106.9469617,2201.1,-103.5,-81.56,-78.7,1.873,-7.822,-83.84,Good,Good,Maybe
311,39.68645,-106.9469433,2201.1,-108.7,-83.05,-81.39,-0.347,-10.29,-84.1,Maybe,Maybe,Maybe
312,39.68653,-106.94692,2201.4,-106.2,-82.91,-80.84,1.65,-8.359,-84.36,Maybe,Maybe,Maybe
313,39.68661,-106.9469067,2201.6,-105.4,-82.59,-80.2,2.83,-8.239,-84.19,Maybe,Maybe,Maybe
314,39.686695,-106.9468767,2202.5,-102.6,-81.18,-77.94,0.713,-7.696,-83.92,Good,Good,Maybe
315,39.68677,-106.946865,2203.3,-123.7,-83.34,-81.88,-2.572,-24.82,-84.18,No,No,No
316,39.68684,-106.946845,2203.8,-110.8,-83.26,-81.77,0.388,-12.07,-84.18,No,No,No
317,39.686915,-106.9468117,2204.9,-105.7,-82.37,-80.07,0.963,-8.635,-83.84,Maybe,Maybe,Maybe
318,39.68699,-106.9467783,2206.2,-107.4,-83.09,-81.34,0.949,-9.055,-84.17,Maybe,Maybe,Maybe
319,39.68706333,-106.9467817,2207.2,-106.3,-82.79,-80.86,0.0299,-8.478,-83.98,Maybe,Maybe,Maybe
320,39.68714333,-106.9467767,2208.2,-109.4,-83.25,-81.79,1.068,-10.62,-83.97,Maybe,Maybe,Maybe
321,39.687205,-106.9467717,2209.9,-109.4,-83.18,-81.6,-2.208,-10.84,-84.09,Maybe,Maybe,Maybe
322,39.68726833,-106.9467683,2211.5,-106,-82.58,-80.43,1.24,-8.535,-83.94,Maybe,Maybe,Maybe
323,39.68731667,-106.9467617,2213.2,-109.2,-83.19,-81.75,-0.764,-10.51,-83.87,Maybe,Maybe,Maybe
324,39.68738333,-106.9468033,2213.5,-103.6,-81.93,-79.05,1.525,-7.541,-84.27,Good,Good,Maybe
325,39.68746333,-106.9467933,2214.8,-110.1,-83.63,-82.58,0.294,-10.55,-84.12,No,No,No
326,39.68751167,-106.9467517,2216.6,-105.6,-83.02,-81.24,-0.412,-7.412,-84.14,Maybe,Maybe,Maybe
327,39.68756167,-106.9466783,2216.8,-100.5,-80.11,-76.28,1.96,-7.184,-84.32,Good,Good,Maybe
328,39.68762667,-106.9466583,2217.6,-104.7,-82.19,-79.47,0.309,-8.19,-84.26,Good,Good,Maybe
329,39.68768,-106.9465933,2220.3,-102.7,-81.81,-78.89,1.145,-6.83,-83.99,Good,Good,Maybe
330,39.68774333,-106.9465533,2223,-96.9,-77.81,-73.62,1.947,-6.29,-83.09,Good,Good,Good
331,39.68773667,-106.9465467,2222.6,-89.6,-70.52,-66.04,0.538,-6.573,-76.69,Good,Good,Good
332,39.68777667,-106.94642,2222.7,-88.77,-70.7,-65.49,0.0346,-6.293,-84.25,Good,Good,Good
333,39.68778333,-106.946315,2223.9,-88.77,-70.7,-65.49,0.0346,-6.293,-84.25,Good,Good,Good
334,39.68781667,-106.9461983,2225.2,-88.77,-70.7,-65.49,0.0346,-6.293,-84.25,Good,Good,Good
335,39.68789,-106.946085,2226.1,-88.77,-70.7,-65.49,0.0346,-6.293,-84.25,Good,Good,Good
336,39.68794,-106.9459617,2225.9,-80.79,-62.5,-57.56,2.752,-6.239,-72.6,Good,Good,Good
337,39.68792333,-106.9458483,2226.5,-73.77474976, , , , , ,Good,Good,Good
338,39.68795167,-106.945765,2225.9,-72.86362457, , , , , ,Good,Good,Good
339,39.68795333,-106.9456967,2224.6,-72.16999054, , , , , ,Good,Good,Good
340,39.68797667,-106.9456467,2223.7,-71.51792145, , , , , ,Good,Good,Good
341,39.68799833,-106.9456267,2222.8,-71.17875671, , , , , ,Good,Good,Good
342,39.68803,-106.945595,2221.7,-70.63150024, , , , , ,Good,Good,Good
343,39.68806,-106.94555,2220.6,-69.91868591, , , , , ,Good,Good,Good
344,39.68808167,-106.9455033,2219.6,-69.20645142, , , , , ,Good,Good,Good
345,39.68812,-106.945445,2218.8,-67.9595108, , , , , ,Good,Good,Good
346,39.688155,-106.94539,2218.1,-66.45780945, , , , , ,Good,Good,Good
347,39.68819,-106.945365,2217.3,-65.62010956, , , , , ,Good,Good,Good
348,39.68823,-106.9453583,2216.3,-65.11740875, , , , , ,Good,Good,Good
349,39.68827167,-106.9453317,2215.3,-64.1304245, , , , , ,Good,Good,Good
350,39.68830833,-106.9452683,2214.8,-62.45119858, , , , , ,Good,Good,Good
351,39.68834333,-106.9452267,2215,-61.09254074, , , , , ,Good,Good,Good
352,39.68838167,-106.9451817,2214.8,-59.50969315, , , , , ,Good,Good,Good
353,39.68842333,-106.9451733,2214.8,-73.93,-55.9,-50.93,2.664,-6.008,-67.69,Good,Good,Good
354,39.68849,-106.9451017,2215,-73.93,-55.9,-50.93,2.664,-6.008,-67.69,Good,Good,Good
355,39.68856333,-106.9450467,2215.6,-73.93,-55.9,-50.93,2.664,-6.008,-67.69,Good,Good,Good
356,39.68855667,-106.9449617,2216.2,-68.03,-51.01,-46.11,5.8,-4.929,-61.48,Good,Good,Good
357,39.688615,-106.9449033,2216.9,-69.16,-52.32,-47.41,5.863,-4.76,-62.65,Good,Good,Good
358,39.68866667,-106.9448117,2217.5,-70.69,-54.49,-49.81,9.459,-3.888,-62.07,Good,Good,Good
359,39.68872833,-106.9447033,2218.6,-58.55,-41.95,-36.7,4.625,-4.853,-84.05,Good,Good,Good
360,39.68871,-106.9445733,2218.2,-58.55,-41.95,-36.7,4.625,-4.853,-84.05,Good,Good,Good
361,39.68867167,-106.9444767,2218.2,-58.55,-41.95,-36.7,4.625,-4.853,-84.05,Good,Good,Good
362,39.68872,-106.9445483,2218.8,-58.55,-41.95,-36.7,4.625,-4.853,-84.05,Good,Good,Good
363,39.68876167,-106.9446183,2218.2,-49.85,-33.15,-28.18,5.861,-4.68,-43.69,Good,Good,Good
364,39.68876667,-106.9446317,2217.8,-49.85,-33.15,-28.18,5.861,-4.68,-43.69,Good,Good,Good
365,39.68880667,-106.94476,2217.3,-49.85,-33.15,-28.18,5.861,-4.68,-43.69,Good,Good,Good
366,39.68885833,-106.9449183,2216.1,-49.85,-33.15,-28.18,5.861,-4.68,-43.69,Good,Good,Good
367,39.68891333,-106.945055,2215.2,-49.85,-33.15,-28.18,5.861,-4.68,-43.69,Good,Good,Good
368,39.68897333,-106.945185,2214.7,-49.85,-33.15,-28.18,5.861,-4.68,-43.69,Good,Good,Good
369,39.689035,-106.945335,2214.1,-49.85,-33.15,-28.18,5.861,-4.68,-43.69,Good,Good,Good
370,39.68909167,-106.945485,2213.5,-49.85,-33.15,-28.18,5.861,-4.68,-43.69,Good,Good,Good
371,39.68914833,-106.9456183,2212.8,-49.85,-33.15,-28.18,5.861,-4.68,-43.69,Good,Good,Good
372,39.68921833,-106.94576,2212.5,-49.85,-33.15,-28.18,5.861,-4.68,-43.69,Good,Good,Good
373,39.68929167,-106.9459017,2212.2,-49.85,-33.15,-28.18,5.861,-4.68,-43.69,Good,Good,Good
374,39.689355,-106.9460233,2211.7,-76.66,-57.58,-52.66,2.52,-7.014,-68.07,Good,Good,Good
375,39.68944,-106.946165,2210.9,-76.66,-57.58,-52.66,2.52,-7.014,-68.07,Good,Good,Good
376,39.68951167,-106.9462817,2209.8,-82.33,-63.74,-58.67,2.209,-6.666,-76.13,Good,Good,Good
377,39.68957833,-106.94639,2209.4,-82.91,-63.9,-59.28,2.779,-6.641,-71.8,Good,Good,Good
378,39.68962833,-106.9465267,2208.6,-91.53,-73.03,-67.9,-0.853,-6.646,-84.16,Good,Good,Good
379,39.68967167,-106.94669,2207.8,-88.85,-70.79,-65.65,9.474,-6.204,-82.17,Good,Good,Good
380,39.68971,-106.94683,2206.8,-89.26,-70.44,-65.42,0.596,-6.842,-84.17,Good,Good,Good
381,39.68974333,-106.9469833,2205.5,-91.12,-73.36,-68.36,5.332,-5.772,-84.17,Good,Good,Good
382,39.68978,-106.947125,2204.6,-87.09,-69.75,-64.69,2.857,-5.402,-84.13,Good,Good,Good
383,39.68984167,-106.94726,2204.2,-91.88,-72.47,-68.03,7.426,-6.86,-78.58,Good,Good,Good
384,39.68992667,-106.9473483,2203.3,-88.44,-71.98,-66.9,7.908,-4.547,-84.19,Good,Good,Good
385,39.69001167,-106.94744,2202.8,-93.09,-74.86,-70.23,7.117,-5.873,-81.73,Good,Good,Good
386,39.69011,-106.9475267,2202,-95.38,-76.41,-71.75,-1.743,-6.643,-84.16,Good,Good,Good
387,39.69020333,-106.9476217,2200.7,-96.46,-77.78,-73.56,3.113,-5.917,-82.64,Good,Good,Good
388,39.69030833,-106.947725,2199.8,-93.43,-75.4,-70.52,-1.269,-5.925,-84.1,Good,Good,Good
389,39.690395,-106.9478217,2198.9,-97.1,-78.71,-74.38,3.837,-5.726,-84.2,Good,Good,Good
390,39.69047833,-106.9479433,2198.5,-95.78,-77.53,-73.22,1.472,-5.574,-82.98,Good,Good,Good
391,39.69056167,-106.948075,2197.4,-102.2,-81.45,-78.45,7.177,-6.73,-83.77,Good,Good,Maybe
392,39.69063167,-106.9481917,2196.9,-98.75,-79.15,-75.24,4.407,-6.521,-84.2,Good,Good,Good
393,39.6907,-106.9483017,2197.1,-98.32,-77.95,-73.93,2.851,-7.397,-82.74,Good,Good,Good
394,39.69078,-106.9484367,2197.1,-97.98,-78.8,-74.82,-1.433,-6.171,-83.18,Good,Good,Good
395,39.69082667,-106.9485717,2196.8,-144.0561523, , , , , ,No,No,No
396,39.69083333,-106.9487117,2196.2,-143.7707214, , , , , ,No,No,No
397,39.69077833,-106.9488483,2195.3,-142.480423, , , , , ,No,No,No
398,39.69071667,-106.9489333,2193.5,-138.6874237, , , , , ,No,No,No
399,39.69063667,-106.9490117,2192.9,-123.4046783, , , , , ,No,No,No
400,39.69059333,-106.9491167,2192.7,-115.3871231, , , , , ,No,No,No
401,39.69056,-106.949225,2192.2,-108.9294891, , , , , ,Maybe,Maybe,Maybe
402,39.69053167,-106.9492983,2192,-103.3338165, , , , , ,Good,Good,Maybe
403,39.69048167,-106.9493767,2191.5,-95.39573669, , , , , ,Good,Good,Good
404,39.690445,-106.94949,2191,-121.2,-84.03,-83.83,-2.928,-20.39,-84.13,No,No,No
405,39.69042333,-106.9495767,2190.5,-120.8,-83.96,-83.65,-2.6,-20.18,-84.08,No,No,No
406,39.69039333,-106.94966,2190.9,-120.3,-83.99,-83.74,-2.461,-19.6,-84.08,No,No,No
407,39.69038833,-106.9497167,2190.4,-137.4300232, , , , , ,No,No,No
408,39.69035167,-106.9497967,2191,-149.4006348, , , , , ,No,No,No
409,39.69032333,-106.9498717,2191,-153.4497223, , , , , ,No,No,No
410,39.6903,-106.949965,2190.6,-157.045105, , , , , ,No,No,No
411,39.69028833,-106.950045,2190.2,-117.2,-83.86,-83.2,-3.765,-17.02,-84.3,No,No,No
412,39.69027167,-106.9501517,2189.6,-156.6283569, , , , , ,No,No,No
413,39.69023167,-106.9502283,2189.3,-157.8434448, , , , , ,No,No,No
414,39.69019833,-106.950275,2189.3,-158.6151733, , , , , ,No,No,No
415,39.69019333,-106.9502667,2189.3,-158.0588837, , , , , ,No,No,No
416,39.69023167,-106.9502233,2189.2,-157.6358032, , , , , ,No,No,No
417,39.69025667,-106.9501317,2189.7,-155.2290192, , , , , ,No,No,No
418,39.69027,-106.9500533,2189.8,-155.6418152, , , , , ,No,No,No
419,39.69028,-106.949975,2191.2,-155.9381409, , , , , ,No,No,No
420,39.69029667,-106.9498917,2191.9,-153.4519806, , , , , ,No,No,No
421,39.69032167,-106.9498217,2191.4,-150.3803711, , , , , ,No,No,No
422,39.69034667,-106.949735,2192.1,-140.9392395, , , , , ,No,No,No
423,39.69036833,-106.9496683,2192.7,-125.7435761, , , , , ,No,No,No
424,39.6904,-106.9495767,2193.3,-105.5126495, , , , , ,Maybe,Maybe,Maybe
425,39.690425,-106.9494767,2193.8,-119.2,-84.1,-83.91,-1.713,-18.34,-84.27,No,No,No
426,39.69046833,-106.9493983,2194.8,-119.4,-84.08,-83.92,-1.914,-18.44,-84.13,No,No,No
427,39.69051167,-106.9492933,2195.6,-98.12796021, , , , , ,Good,Good,Good
428,39.69054333,-106.9491733,2196.8,-103.7910767, , , , , ,Good,Good,Maybe
429,39.69056667,-106.9490583,2197.6,-108.0021515, , , , , ,Maybe,Maybe,Maybe
430,39.69064333,-106.9489933,2198.7,-125.4636002, , , , , ,No,No,No
431,39.690725,-106.9489117,2202.1,-139.6257324, , , , , ,No,No,No
432,39.69076667,-106.948815,2203.3,-142.8972015, , , , , ,No,No,No
433,39.69087,-106.9487483,2203.7,-144.0662384, , , , , ,No,No,No
434,39.690975,-106.9488067,2202.9,-145.1219025, , , , , ,No,No,No
435,39.69105833,-106.9488883,2202.1,-145.1625366, , , , , ,No,No,No
436,39.69115667,-106.94899,2200,-143.1291962, , , , , ,No,No,No
437,39.69125,-106.9491167,2198.6,-143.5831909, , , , , ,No,No,No
438,39.69132833,-106.949265,2198.2,-110.4,-83.14,-81.43,0.00953,-11.94,-84.12,No,No,No
439,39.69140167,-106.9494017,2199.4,-106.1,-82.64,-80.34,-1.343,-8.721,-84.16,Maybe,Maybe,Maybe
440,39.691465,-106.94954,2199.9,-96.11,-78.3,-73.86,2.968,-5.26,-84.23,Good,Good,Good
441,39.69152,-106.94968,2199.7,-98.56,-79.58,-75.58,2.493,-5.998,-84.09,Good,Good,Good
442,39.69158667,-106.9498133,2198.2,-98.14,-79.74,-75.75,5.518,-5.398,-84.28,Good,Good,Good
443,39.69164833,-106.9499483,2196.8,-104,-82.72,-80.61,1.78,-6.452,-83.95,Good,Good,Maybe
444,39.69170333,-106.9500767,2196.3,-108.2,-83.16,-81.57,3.191,-9.6,-84.15,Maybe,Maybe,Maybe
445,39.69175,-106.9502167,2197,-107.6,-82.64,-80.35,0.226,-10.24,-84.23,Maybe,Maybe,Maybe
446,39.691785,-106.9503533,2198.3,-102.6,-81.87,-78.97,6.108,-6.669,-84.32,Good,Good,Maybe
447,39.69183,-106.9505067,2199.4,-101.7,-80.82,-77.26,2.468,-7.466,-84.18,Good,Good,Maybe
448,39.69187333,-106.950635,2199.5,-99.01,-80.03,-76.13,1.795,-5.884,-84.16,Good,Good,Good
449,39.69191667,-106.9507583,2199.1,-103.6,-82.05,-79.24,-0.00239,-7.364,-84.13,Good,Good,Maybe
450,39.69196667,-106.9509083,2198.5,-107.9,-83.11,-81.36,3.095,-9.53,-84.12,Maybe,Maybe,Maybe
451,39.692015,-106.9510517,2198.5,-106.6,-82.15,-79.58,-1.922,-9.992,-84.08,Maybe,Maybe,Maybe
452,39.69204333,-106.9512033,2198.5,-103.1,-81.38,-78.33,4.122,-7.777,-83.87,Good,Good,Maybe
453,39.69207333,-106.9513483,2198.3,-102.8,-82.04,-79.33,3.865,-6.477,-84.09,Good,Good,Maybe
454,39.6921,-106.9515067,2197.3,-107.5,-83.12,-81.41,1.173,-9.102,-84.15,Maybe,Maybe,Maybe
455,39.69212333,-106.9516683,2196.6,-115.7,-83.98,-83.54,-2.756,-15.16,-84.2,No,No,No
456,39.69215167,-106.9518467,2196.4,-116.6,-83.68,-82.87,-3.094,-16.76,-84.06,No,No,No
457,39.692185,-106.9519917,2196.5,-106.1,-82.71,-80.68,2.478,-8.424,-84.04,Maybe,Maybe,Maybe
458,39.69222167,-106.952135,2196.3,-103.3,-81.43,-78.44,1.029,-7.921,-83.95,Good,Good,Maybe
459,39.69225667,-106.9523133,2196.2,-107.6,-83.02,-81.11,2.148,-9.523,-84.08,Maybe,Maybe,Maybe
460,39.69229333,-106.952455,2196.4,-107.5,-82.85,-80.99,2.384,-9.486,-84.08,Maybe,Maybe,Maybe
461,39.69234167,-106.9525933,2196,-102.8488922, , , , , ,Good,Good,Maybe
462,39.69238333,-106.952765,2195.7,-128.4499207, , , , , ,No,No,No
463,39.69243667,-106.9529067,2195.7,-131.7195892, , , , , ,No,No,No
464,39.69250833,-106.9530333,2195,-120.2045288, , , , , ,No,No,No
465,39.692585,-106.9531633,2193.7,-109.9684296, , , , , ,Maybe,Maybe,Maybe
466,39.69267167,-106.953285,2192.3,-106.9637146, , , , , ,Maybe,Maybe,Maybe
467,39.692755,-106.9533883,2190.8,-110.610527, , , , , ,No,No,No
468,39.69285667,-106.9535067,2189.4,-130.8213196, , , , , ,No,No,No
469,39.692955,-106.95358,2188.6,-146.0483704, , , , , ,No,No,No
470,39.69303833,-106.9536067,2189.2,-147.9180298, , , , , ,No,No,No
471,39.69313167,-106.9536333,2190.1,-121.6,-84.03,-83.8,-2.764,-20.81,-84.21,No,No,No
472,39.69322167,-106.9536483,2190.9,-114.8,-83.98,-83.56,-1.067,-14.24,-84.3,No,No,No
473,39.69330667,-106.9536367,2192,-129.0443573, , , , , ,No,No,No
474,39.69338667,-106.95362,2192.8,-119,-84.07,-83.9,-2.19,-18.09,-84.2,No,No,No
475,39.69348833,-106.9536067,2193.8,-122.8,-84.06,-83.92,-2.706,-21.91,-84.07,No,No,No
476,39.69356833,-106.9535733,2194.3,-118.1,-84.08,-83.92,-2.09,-17.22,-84.14,No,No,No
477,39.69363667,-106.9534983,2195.9,-90.49051666, , , , , ,Good,Good,Good
478,39.69371,-106.95342,2197.3,-92.86228943, , , , , ,Good,Good,Good
479,39.69375333,-106.953385,2197.6,-94.16729736, , , , , ,Good,Good,Good
480,39.693785,-106.9533517,2197.8,-93.19669342, , , , , ,Good,Good,Good
481,39.69384833,-106.9532833,2198.4,-96.0025177, , , , , ,Good,Good,Good
482,39.69392333,-106.95323,2198.9,-103.7182922, , , , , ,Good,Good,Maybe
483,39.69395,-106.9531367,2200.6,-109.0116043, , , , , ,Maybe,Maybe,Maybe
484,39.69394333,-106.9530767,2203,-111.8113022, , , , , ,No,No,No
485,39.69394667,-106.952985,2204.1,-112.950325, , , , , ,No,No,No
486,39.69394333,-106.9529,2204,-119.6,-84.07,-83.85,-2.627,-18.73,-84.18,No,No,No
487,39.69395833,-106.9527867,2205.1,-103.4299469, , , , , ,Good,Good,Maybe
488,39.69399167,-106.9527,2205.3,-115.3525391, , , , , ,No,No,No
489,39.694045,-106.95264,2206.4,-117.5,-83.99,-83.64,-2.852,-16.87,-84.13,No,No,No
490,39.69407167,-106.9525433,2206.9,-144.8478699, , , , , ,No,No,No
491,39.69406667,-106.952475,2207.1,-130.3876801, , , , , ,No,No,No
492,39.69403167,-106.9524533,2207,-120.7157211, , , , , ,No,No,No
493,39.69404667,-106.9523983,2207.3,-110.7567215, , , , , ,No,No,No
494,39.69402167,-106.952335,2208.4,-97.22097015, , , , , ,Good,Good,Good
495,39.69403,-106.9522783,2209.1,-90.05716705, , , , , ,Good,Good,Good
496,39.69403167,-106.9522017,2210.1,-79.27223969, , , , , ,Good,Good,Good
497,39.69399,-106.9521417,2210.3,-87.19273376, , , , , ,Good,Good,Good
498,39.69395833,-106.95209,2211.9,-95.23066711, , , , , ,Good,Good,Good
499,39.69392333,-106.95203,2213.1,-102.4266968, , , , , ,Good,Good,Maybe
500,39.6939,-106.9519717,2214.4,-104.8834991, , , , , ,Good,Good,Maybe
501,39.69389667,-106.9518917,2216.1,-107.3326492, , , , , ,Maybe,Maybe,Maybe
502,39.69389,-106.9518367,2216.3,-107.7660904, , , , , ,Maybe,Maybe,Maybe
503,39.69388333,-106.95181,2215.7,-106.5978165, , , , , ,Maybe,Maybe,Maybe
504,39.69388333,-106.9517967,2215.4,-106.4271545, , , , , ,Maybe,Maybe,Maybe
505,39.693875,-106.951755,2216.2,-103.7542114, , , , , ,Good,Good,Maybe
506,39.69388833,-106.9516817,2217.6,-106.2613449, , , , , ,Maybe,Maybe,Maybe
507,39.69387667,-106.9516033,2220,-102.4281921, , , , , ,Good,Good,Maybe
508,39.69387333,-106.9515033,2221.1,-101.1629715, , , , , ,Good,Good,Maybe
509,39.693835,-106.9513917,2222.9,-109.1,-83.25,-81.81,1.396,-10.29,-84.05,Maybe,Maybe,Maybe
510,39.69380167,-106.9512783,2222.8,-123.3,-84,-83.75,-1.676,-22.6,-84.14,No,No,No
511,39.69377167,-106.9511733,2222.3,-114.1,-83.86,-83.25,0.565,-13.83,-84.14,No,No,No
512,39.69372333,-106.951075,2221.9,-108.9,-83.34,-81.85,0.899,-10.02,-84.2,Maybe,Maybe,Maybe
513,39.69373667,-106.95099,2223.3,-109.7,-83.4,-82.18,-0.889,-10.54,-83.65,Maybe,Maybe,Maybe
514,39.69374167,-106.9509233,2223.3,-98.6104126, , , , , ,Good,Good,Good
515,39.69370333,-106.9508333,2223.9,-89.54602051, , , , , ,Good,Good,Good
516,39.69364667,-106.9507533,2223.8,-110,-83.53,-82.42,0.953,-10.57,-84.15,No,No,No
517,39.693595,-106.950675,2223,-115.4,-83.91,-83.48,-3.297,-14.92,-84.07,No,No,No
518,39.69353,-106.9506233,2222.2,-111.8,-83.68,-82.8,2.554,-12.03,-84.12,No,No,No
519,39.69345,-106.9505583,2222.5,-112.3,-83.78,-83.01,-2.071,-12.29,-84.24,No,No,No
520,39.69336667,-106.9505117,2222.6,-113.4,-83.69,-82.88,-3.901,-13.5,-84.13,No,No,No
521,39.69330333,-106.9504383,2221.3,-110.1,-83.6,-82.68,3.836,-10.41,-84.17,No,No,No
522,39.69323667,-106.9503733,2221.4,-108.6,-83.35,-82.12,0.776,-9.497,-83.8,Maybe,Maybe,Maybe
523,39.69317167,-106.9502817,2221.3,-109.4,-83.5,-82.33,2.71,-10.06,-84.15,Maybe,Maybe,Maybe
524,39.69307833,-106.9502017,2221.6,-123.2,-84,-83.74,-1.89,-22.49,-84.12,No,No,No
525,39.69305167,-106.9500933,2222.6,-110.3,-83.41,-82.28,0.933,-11.03,-84.17,No,No,No
526,39.69304167,-106.9499817,2223.4,-99.94979858, , , , , ,Good,Good,Good
527,39.69299167,-106.9499067,2223.2,-125.6637573, , , , , ,No,No,No
528,39.6929,-106.949895,2222,-143.5910034, , , , , ,No,No,No
529,39.69282667,-106.9499667,2220.1,-129.8640594, , , , , ,No,No,No
530,39.69270667,-106.94999,2219.4,-111.3847351, , , , , ,No,No,No
531,39.69259667,-106.9499617,2217.9,-107.41539, , , , , ,Maybe,Maybe,Maybe
532,39.69249667,-106.9499733,2216.5,-93.23786926, , , , , ,Good,Good,Good
533,39.69241333,-106.9500333,2214.6,-79.33000183, , , , , ,Good,Good,Good
534,39.69232167,-106.95007,2213,-76.0406189, , , , , ,Good,Good,Good
535,39.69225,-106.9501017,2210.4,-76.66312408, , , , , ,Good,Good,Good
536,39.69218833,-106.9500967,2209.5,-77.41625977, , , , , ,Good,Good,Good
537,39.692125,-106.9500983,2207.9,-95.88771057, , , , , ,Good,Good,Good
538,39.69207333,-106.9500583,2205.6,-108.4269409, , , , , ,Maybe,Maybe,Maybe
539,39.692045,-106.9499967,2202.8,-107.8848801, , , , , ,Maybe,Maybe,Maybe
540,39.69206833,-106.949885,2203.2,-98.63156891, , , , , ,Good,Good,Good
541,39.69202833,-106.9498167,2203.4,-106.0963287, , , , , ,Maybe,Maybe,Maybe
542,39.69199167,-106.9498017,2204.4,-112.6354446, , , , , ,No,No,No
543,39.691945,-106.9498133,2205.4,-122.5578461, , , , , ,No,No,No
544,39.69189667,-106.9497717,2206.3,-112.6,-83.71,-83.11,-1.56,-12.48,-84.04,No,No,No
545,39.691835,-106.9497233,2205.6,-108.5,-83.44,-82.19,-1.33,-9.299,-84.08,Maybe,Maybe,Maybe
546,39.69178,-106.9496467,2204.9,-105.1,-82.4,-80.06,1.686,-8.015,-83.84,Maybe,Maybe,Maybe
547,39.69174833,-106.9495267,2204.9,-102.7,-81.62,-78.79,2.346,-6.963,-83.8,Good,Good,Maybe
548,39.691685,-106.9494417,2204.6,-105.3,-82.49,-80.13,0.882,-8.154,-84.09,Maybe,Maybe,Maybe
549,39.69159,-106.9494167,2203.5,-95.33,-77.51,-73.26,7.827,-5.08,-82.79,Good,Good,Good
550,39.69149333,-106.9493883,2202.8,-98.24,-78.23,-74.1,0.897,-7.153,-83.19,Good,Good,Good
551,39.69141833,-106.9493283,2201.4,-103.9,-82.12,-79.41,3.629,-7.453,-84.16,Good,Good,Maybe
552,39.69134167,-106.9492883,2198.6,-102.7,-81.76,-79.18,5.148,-6.561,-83.63,Good,Good,Maybe
553,39.69126833,-106.9491717,2198.5,-111.7,-83.73,-83.04,0.24,-11.68,-84.18,No,No,No
554,39.69118167,-106.9490433,2199.6,-114,-83.78,-83.15,-2.013,-13.9,-84.02,No,No,No
555,39.69110167,-106.94893,2200,-113.8,-83.86,-83.38,-2.4,-13.39,-84.07,No,No,No
556,39.691015,-106.948815,2200.5,-109,-83.36,-82.05,0.637,-9.963,-84.04,Maybe,Maybe,Maybe
557,39.69092667,-106.9486867,2201.2,-102.9,-81.26,-78.01,4.824,-7.917,-84.14,Good,Good,Maybe
558,39.69084667,-106.9485483,2201.8,-103.9,-82.17,-79.69,1.528,-7.194,-83.84,Good,Good,Maybe
559,39.69077333,-106.9484433,2201.8,-111.8,-83.68,-82.82,-1.5,-12.02,-84.09,No,No,No
560,39.69075833,-106.9483067,2202.3,-142.6424561, , , , , ,No,No,No
561,39.69078667,-106.9481917,2203.5,-141.3451233, , , , , ,No,No,No
562,39.6908,-106.9480883,2205.5,-140.0503845, , , , , ,No,No,No
563,39.69080833,-106.947975,2206.3,-126.9974213, , , , , ,No,No,No
564,39.69081667,-106.9478617,2208,-115.6165848, , , , , ,No,No,No
565,39.69077333,-106.9477717,2207.4,-104.2817612, , , , , ,Good,Good,Maybe
566,39.69069667,-106.9477233,2208.6,-87.28853607, , , , , ,Good,Good,Good
567,39.69064833,-106.9476783,2209.9,-90.53712463, , , , , ,Good,Good,Good
568,39.69062333,-106.9475867,2211.6,-91.78089905, , , , , ,Good,Good,Good
569,39.69062667,-106.9475233,2213.8,-87.84720612, , , , , ,Good,Good,Good
570,39.69060167,-106.947485,2215.1,-90.55448151, , , , , ,Good,Good,Good
571,39.690575,-106.9474217,2216.8,-87.9591217, , , , , ,Good,Good,Good
572,39.690545,-106.9473433,2219.4,-79.099617, , , , , ,Good,Good,Good
573,39.69049333,-106.947275,2221.2,-79.31272125, , , , , ,Good,Good,Good
574,39.690475,-106.9471633,2223.3,-85.05189514, , , , , ,Good,Good,Good
575,39.69046667,-106.94707,2224,-86.26663971, , , , , ,Good,Good,Good
576,39.69043167,-106.9469633,2225.5,-88.10845947, , , , , ,Good,Good,Good
577,39.69041667,-106.946905,2226.6,-89.57,-71.08,-66.03,0.0861,-6.548,-84.19,Good,Good,Good
578,39.69041667,-106.9468467,2227.7,-95.04,-76.94,-72.32,-1.828,-5.734,-84.14,Good,Good,Good
579,39.69049,-106.9468067,2227.6,-84.42,-65.92,-60.97,2.898,-6.453,-75.93,Good,Good,Good
580,39.690525,-106.9467067,2228.4,-84.42,-65.92,-60.97,2.898,-6.453,-75.93,Good,Good,Good
581,39.69054167,-106.9465983,2229,-90.51,-72.48,-67.53,3.002,-5.989,-84.18,Good,Good,Good
582,39.69057,-106.9465133,2229.8,-85.69,-66.86,-62.05,1.397,-6.642,-77.59,Good,Good,Good
583,39.69060667,-106.9464267,2230.2,-74.4,-57.05,-52.09,3.631,-5.32,-67.46,Good,Good,Good
584,39.69065167,-106.9463217,2231.3,-86.12,-68.53,-63.42,4.067,-5.71,-84.1,Good,Good,Good
585,39.690625,-106.9462533,2231.7,-91.78,-74.13,-69.08,1.922,-5.709,-84.17,Good,Good,Good
586,39.69063333,-106.946145,2232.7,-82.23,-65.71,-60.79,7.784,-4.45,-75.7,Good,Good,Good
587,39.69062833,-106.9460183,2233.9,-71.47,-54.71,-49.45,4.77,-5.021,-84.31,Good,Good,Good
588,39.69056667,-106.9459517,2233,-77.62,-61,-55.7,5.168,-4.933,-84.19,Good,Good,Good
589,39.69049,-106.945905,2230.3,-77.93,-61.43,-56.22,4.426,-4.727,-84.21,Good,Good,Good
590,39.69042333,-106.94584,2227.9,-87.36,-69.05,-64.2,-0.431,-6.167,-77.91,Good,Good,Good
591,39.69037833,-106.945765,2226.8,-88.76,-70.33,-65.45,0.929,-6.316,-79.02,Good,Good,Good
592,39.69032667,-106.9456967,2226.1,-86.61,-68.19,-63.12,4.132,-6.509,-84.19,Good,Good,Good
593,39.69027167,-106.9456933,2225.5,-90.72,-71.73,-66.84,-0.243,-6.89,-80.52,Good,Good,Good
594,39.69018667,-106.9456633,2224.4,-88.4,-68.23,-63.59,0.104,-7.82,-75.84,Good,Good,Good
595,39.690105,-106.9456117,2224.9,-83.52,-65.9,-61.15,6.281,-5.38,-75.91,Good,Good,Good
596,39.69003,-106.9455783,2223.5,-74.59033203, , , , , ,Good,Good,Good
597,39.68999333,-106.9455667,2222,-73.95897675, , , , , ,Good,Good,Good
598,39.68993667,-106.9454717,2224,-72.95839691, , , , , ,Good,Good,Good
599,39.68987333,-106.9454733,2223.7,-71.85939789, , , , , ,Good,Good,Good
600,39.68978833,-106.9454383,2223.1,-70.35420227, , , , , ,Good,Good,Good
601,39.68975833,-106.9453367,2223.1,-70.33985901, , , , , ,Good,Good,Good
602,39.68968667,-106.945305,2222.7,-69.54660797, , , , , ,Good,Good,Good
603,39.68963,-106.94525,2222.5,-68.70922089, , , , , ,Good,Good,Good
604,39.68957333,-106.9452467,2222,-67.84329987, , , , , ,Good,Good,Good
605,39.68949,-106.945245,2221.6,-67.00902557, , , , , ,Good,Good,Good
606,39.68938833,-106.9452233,2221,-65.82083893, , , , , ,Good,Good,Good
607,39.68933667,-106.9452017,2220.9,-64.92618561, , , , , ,Good,Good,Good
608,39.68926833,-106.9451633,2220.8,-63.55791092, , , , , ,Good,Good,Good
609,39.68917667,-106.9452033,2220.6,-62.87749863, , , , , ,Good,Good,Good
610,39.68908833,-106.9452733,2220.6,-62.74348068, , , , , ,Good,Good,Good
611,39.689015,-106.9451867,2220.3,-60.67989349, , , , , ,Good,Good,Good
612,39.68894333,-106.9450533,2220.7,-57.65579605, , , , , ,Good,Good,Good
613,39.68888667,-106.9448983,2221.2,-54.99952698, , , , , ,Good,Good,Good
614,39.68883,-106.9447433,2222,-54.74788666, , , , , ,Good,Good,Good
615,39.68876167,-106.9445983,2222.3,-54.65824509, , , , , ,Good,Good,Good
616,39.68871167,-106.9445117,2222.1,-54.65970993, , , , , ,Good,Good,Good
617,39.6887,-106.9444883,2221.4,-54.67763519, , , , , ,Good,Good,Good
618,39.68874833,-106.9444667,2221,-66.3,-48.36,-43.39,3.12,-5.92,-58.96,Good,Good,Good
619,39.68881833,-106.9444283,2221.6,-58.56,-41,-36.05,3.378,-5.522,-51.48,Good,Good,Good
620,39.68890167,-106.9443683,2222.7,-49.74,-32.69,-27.45,3.609,-5.305,-82.23,Good,Good,Good
621,39.68898833,-106.9443467,2223.1,-62.54,-45.6,-40.35,4.184,-5.202,-84.08,Good,Good,Good
622,39.689075,-106.944355,2223.2,-55.13,-38.36,-33.11,4.379,-5.027,-83.67,Good,Good,Good
623,39.68916,-106.94432,2223.5,-71.06,-53.45,-48.47,3.305,-5.597,-64.08,Good,Good,Good
624,39.68922333,-106.944225,2224.5,-65.14,-47.32,-42.69,3.951,-5.461,-54.93,Good,Good,Good
625,39.68928333,-106.9441617,2225,-66.93,-49.7,-44.77,4.208,-5.172,-60.38,Good,Good,Good
626,39.68937333,-106.9441333,2224.8,-84.29,-66.46,-61.22,0.679,-6.087,-84.18,Good,Good,Good
627,39.68943667,-106.9441133,2225.3,-81.49,-64.33,-59.12,4.334,-5.383,-84.33,Good,Good,Good
628,39.689525,-106.9440983,2225.9,-74.76,-57.36,-52.39,4.004,-5.379,-67.92,Good,Good,Good
629,39.68961,-106.9440717,2226.5,-76.1,-59.16,-53.91,4.162,-5.198,-84.26,Good,Good,Good
630,39.68967667,-106.9440133,2226.5,-74.97,-57.64,-52.68,3.941,-5.302,-68.03,Good,Good,Good
631,39.68974167,-106.9439517,2228.1,-79,-61.56,-56.6,3.655,-5.415,-71.98,Good,Good,Good
632,39.68980833,-106.943895,2228.8,-74.67,-57.34,-52.44,3.77,-5.238,-67.65,Good,Good,Good
633,39.68987,-106.943825,2229.3,-80.79,-63.39,-58.47,3.995,-5.326,-73.17,Good,Good,Good
634,39.68995833,-106.943805,2230.4,-82.05,-64.54,-59.65,3.685,-5.412,-74.35,Good,Good,Good
635,39.690025,-106.9437267,2230.8,-82.35,-65.55,-60.34,4.879,-5.024,-84.33,Good,Good,Good
636,39.69007333,-106.9436917,2231.4,-75.2,-57.98,-53.03,3.981,-5.182,-68.65,Good,Good,Good
637,39.69009167,-106.9436867,2232,-77.42,-60.09,-55.09,3.61,-5.339,-70.83,Good,Good,Good
638,39.69016667,-106.9436567,2233.5,-93.02,-74.26,-69.58,1.162,-6.449,-81.44,Good,Good,Good
639,39.69024667,-106.943605,2234.7,-78.47,-61.53,-56.27,3.72,-5.215,-84.21,Good,Good,Good
640,39.69030667,-106.9435817,2235.4,-74.11,-56.83,-51.83,4.11,-5.294,-68.38,Good,Good,Good
641,39.690385,-106.9435717,2236.5,-79.79,-62.22,-57.29,3.405,-5.513,-72.42,Good,Good,Good
642,39.690465,-106.94355,2237.5,-72.41,-55.65,-50.42,4.407,-5.007,-84.38,Good,Good,Good
643,39.69053,-106.9434483,2238,-74.13,-57.4,-52.19,4.436,-4.954,-84.32,Good,Good,Good
644,39.69060333,-106.943365,2238.4,-76,-58.95,-53.73,4.042,-5.28,-84.25,Good,Good,Good
645,39.69067167,-106.9432667,2239.4,-79.06,-61.21,-56.59,3.294,-5.481,-68.49,Good,Good,Good
646,39.69075,-106.9431733,2240.2,-77.4,-60.34,-55.16,4.126,-5.247,-84.32,Good,Good,Good
647,39.69084,-106.9430717,2241.3,-79.497612, , , , , ,Good,Good,Good
648,39.69090667,-106.94297,2242.2,-79.93477631, , , , , ,Good,Good,Good
649,39.69098667,-106.9428883,2242.4,-80.17923737, , , , , ,Good,Good,Good
650,39.69101667,-106.9428867,2242.2,-80.31987762, , , , , ,Good,Good,Good
651,39.69106167,-106.9428483,2242.1,-80.55439758, , , , , ,Good,Good,Good
652,39.69111333,-106.9427533,2243.2,-81.85588074, , , , , ,Good,Good,Good
653,39.69118667,-106.942655,2243.7,-85.74607849, , , , , ,Good,Good,Good
654,39.69124667,-106.942565,2244.5,-84.87063599, , , , , ,Good,Good,Good
655,39.691305,-106.9425017,2245.2,-84.53780365, , , , , ,Good,Good,Good
656,39.69132833,-106.942455,2245.5,-84.03009033, , , , , ,Good,Good,Good
657,39.69136333,-106.94237,2246.4,-85.75256348, , , , , ,Good,Good,Good
658,39.69140333,-106.9422683,2247.3,-87.05810547, , , , , ,Good,Good,Good
659,39.69142667,-106.9421883,2247.9,-89.74899292, , , , , ,Good,Good,Good
660,39.69146167,-106.9421067,2248.8,-90.8351593, , , , , ,Good,Good,Good
661,39.69149667,-106.94204,2249.7,-86.88925934, , , , , ,Good,Good,Good
662,39.69152167,-106.9419733,2249.9,-83.49919891, , , , , ,Good,Good,Good
663,39.69153833,-106.9419083,2250.9,-81.16030884, , , , , ,Good,Good,Good
664,39.69159833,-106.9418883,2251.2,-81.08837128, , , , , ,Good,Good,Good
665,39.69157833,-106.9417883,2252,-82.42903137, , , , , ,Good,Good,Good
666,39.69154333,-106.941755,2252.2,-82.79083252, , , , , ,Good,Good,Good
667,39.691495,-106.9416833,2253,-83.29085541, , , , , ,Good,Good,Good
668,39.69153,-106.9415933,2253.9,-84.02680969, , , , , ,Good,Good,Good
669,39.691505,-106.9415167,2254.5,-100.9,-81.05,-77.78,2.502,-6.115,-84.02,Good,Good,Maybe
670,39.69148,-106.9414183,2255.3,-97.74,-78.59,-74.9,4.419,-5.858,-82.39,Good,Good,Good
671,39.691485,-106.94132,2256.3,-91.67,-73.78,-69.16,3.621,-5.52,-81.54,Good,Good,Good
672,39.691455,-106.94121,2257.2,-106.3,-82.9,-81.04,1.835,-8.229,-83.95,Maybe,Maybe,Maybe
673,39.69149833,-106.9411217,2256.9,-105.5,-82.39,-80.27,-2.704,-8.198,-83.59,Maybe,Maybe,Maybe
674,39.69152333,-106.9410417,2256.8,-104.1,-82.28,-79.81,2.64,-7.313,-84.1,Good,Good,Maybe
675,39.69156667,-106.9410183,2257.3,-106.4,-82.92,-81.1,0.351,-8.333,-84.06,Maybe,Maybe,Maybe
676,39.69158833,-106.9409167,2257.4,-107.5,-83.1,-81.61,1.227,-8.89,-83.89,Maybe,Maybe,Maybe
677,39.69157667,-106.94084,2258.2,-109.1,-83.35,-82.19,1,-9.878,-84.02,Maybe,Maybe,Maybe
678,39.69160167,-106.9407633,2257.4,-110.8,-83.57,-82.72,0.434,-11.08,-84.04,No,No,No
679,39.69160333,-106.9406733,2256.9,-122,-83.62,-82.88,-4.025,-22.12,-83.95,No,No,No
680,39.69164167,-106.940635,2255.8,-122,-83.62,-82.88,-4.025,-22.12,-83.95,No,No,No
681,39.69167,-106.94058,2253.6,-112.4,-83.71,-83.13,-2.271,-12.33,-83.96,No,No,No
682,39.69165167,-106.9405183,2253,-122.6,-83.95,-83.72,-3.247,-21.94,-84.02,No,No,No
683,39.69162667,-106.9404683,2253.2,-94.81244659, , , , , ,Good,Good,Good
684,39.69159833,-106.9404417,2253.7,-96.3056488, , , , , ,Good,Good,Good
685,39.69156667,-106.9403983,2252.6,-115.2,-83.84,-83.53,-0.916,-14.73,-84.04,No,No,No
686,39.69149167,-106.940385,2252.7,-101.0548401, , , , , ,Good,Good,Maybe
687,39.69144833,-106.9403167,2253.6,-110.2222443, , , , , ,No,No,No
688,39.69141167,-106.9402267,2253.8,-124.6,-83.95,-83.83,-2.649,-23.75,-83.96,No,No,No
689,39.69137833,-106.9401883,2253.4,-133.3276672, , , , , ,No,No,No
690,39.69138,-106.94014,2254.1,-132.0930481, , , , , ,No,No,No
691,39.691395,-106.9401,2254.1,-110.6,-83.52,-82.71,-2.655,-10.95,-84.05,No,No,No
692,39.691425,-106.940035,2256.7,-101.1,-81.45,-78.28,5.032,-5.798,-84.16,Good,Good,Maybe
693,39.6914,-106.9399833,2256.5,-101.1,-81.45,-78.28,5.032,-5.798,-84.16,Good,Good,Maybe
694,39.69138333,-106.9399483,2256.9,-107.8,-82.99,-81.26,-2.502,-9.575,-83.92,Maybe,Maybe,Maybe
695,39.69141,-106.939935,2257.1,-94.77,-77.51,-72.98,5.74,-4.794,-84.22,Good,Good,Good
696,39.691415,-106.9398617,2257.1,-102.8,-81.93,-79.23,2.722,-6.548,-83.82,Good,Good,Maybe
697,39.69146333,-106.939835,2257.1,-95.51,-77.98,-73.52,5.24,-5.006,-84.22,Good,Good,Good
698,39.691455,-106.9397283,2257,-93.98,-76.69,-72.06,4.927,-4.932,-84.13,Good,Good,Good
699,39.69143833,-106.9396117,2257.1,-101.3,-81.49,-78.32,3.683,-6.036,-84.23,Good,Good,Maybe
700,39.691425,-106.9394867,2259.8,-109.6,-83.52,-82.58,-0.813,-10,-83.88,Maybe,Maybe,Maybe
701,39.69142667,-106.9394433,2260.4,-102,-81.38,-78.4,3.29,-6.581,-83.75,Good,Good,Maybe
702,39.69140167,-106.939385,2260.6,-104.4,-82.42,-80.2,3.192,-7.215,-83.84,Good,Good,Maybe
703,39.69134667,-106.9393033,2260.8,-107,-83.23,-81.69,2.685,-8.343,-84.16,Maybe,Maybe,Maybe
704,39.691295,-106.9392333,2260.7,-96.46,-78.18,-74.09,4.204,-5.378,-83.1,Good,Good,Good
705,39.69123,-106.93917,2261.1,-96.07,-77.94,-73.74,4.332,-5.334,-83.03,Good,Good,Good
706,39.69115833,-106.93915,2260.4,-87.18872833, , , , , ,Good,Good,Good
707,39.69107667,-106.9391017,2259.2,-87.27326202, , , , , ,Good,Good,Good
708,39.69101333,-106.9390583,2258.2,-86.78851318, , , , , ,Good,Good,Good
709,39.69101667,-106.938985,2259.1,-87.0900116, , , , , ,Good,Good,Good
710,39.69099,-106.9388767,2258.8,-87.88240814, , , , , ,Good,Good,Good
711,39.69094167,-106.938785,2257.7,-91.45910645, , , , , ,Good,Good,Good
712,39.69088833,-106.9386567,2259,-98.56478119, , , , , ,Good,Good,Good
713,39.69078833,-106.9386717,2259.4,-93.66152191, , , , , ,Good,Good,Good
714,39.6907,-106.93863,2259.5,-91.19606018, , , , , ,Good,Good,Good
715,39.69060167,-106.9386483,2259,-92.04473114, , , , , ,Good,Good,Good
716,39.690495,-106.9387083,2259.4,-91.92046356, , , , , ,Good,Good,Good
717,39.69037667,-106.9387533,2258.6,-91.34137726, , , , , ,Good,Good,Good
718,39.69025167,-106.9388033,2256.9,-87.69030762, , , , , ,Good,Good,Good
719,39.69013667,-106.9388617,2256.2,-85.4366684, , , , , ,Good,Good,Good
720,39.69003,-106.93893,2255.8,-88.6918335, , , , , ,Good,Good,Good
721,39.68993,-106.9390183,2254.7,-91.04888153, , , , , ,Good,Good,Good
722,39.68983333,-106.9390917,2254.2,-89.55656433, , , , , ,Good,Good,Good
723,39.68972333,-106.9391783,2253.4,-87.8731308, , , , , ,Good,Good,Good
724,39.68962333,-106.939205,2252.9,-89.78611755, , , , , ,Good,Good,Good
725,39.68951167,-106.939245,2252.1,-97.19,-78.75,-74.73,4.841,-5.466,-83.23,Good,Good,Good
726,39.68939167,-106.939325,2251.2,-99.61,-80.16,-76.66,2.144,-5.967,-83.32,Good,Good,Good
727,39.68927,-106.9394083,2249.7,-105.1,-82.26,-79.91,-0.674,-8.221,-83.82,Maybe,Maybe,Maybe
728,39.68914333,-106.93949,2247.7,-100.9,-81.28,-78.02,3.162,-5.852,-84.12,Good,Good,Maybe
729,39.689075,-106.9396417,2246.4,-101.8,-81.25,-77.99,1.185,-6.788,-83.94,Good,Good,Maybe
730,39.68904,-106.9397367,2245,-100.6,-80.79,-77.55,3.13,-6.073,-83.82,Good,Good,Maybe
731,39.68904833,-106.93984,2245.8,-95.14,-77.44,-72.86,2.738,-5.292,-83.97,Good,Good,Good
732,39.68898667,-106.9399367,2245.2,-102.7,-81.39,-78.44,2.074,-7.253,-83.63,Good,Good,Maybe
733,39.68898667,-106.94004,2243.8,-105.4,-82.62,-80.37,1.688,-8.072,-84.19,Maybe,Maybe,Maybe
734,39.68905333,-106.9401767,2244.2,-104.1,-81.94,-79.34,-0.184,-7.8,-83.88,Good,Good,Maybe
735,39.68897667,-106.9402467,2243.2,-100.9,-80.09,-76.29,2.278,-7.575,-84.04,Good,Good,Maybe
736,39.68892333,-106.9403417,2240.7,-97.41,-78.84,-74.73,-1.176,-5.694,-83.3,Good,Good,Good
737,39.68884,-106.9404383,2238.3,-100.5,-79.89,-76.14,1.393,-7.378,-83.52,Good,Good,Maybe
738,39.68878667,-106.9406183,2236.1,-106.7,-83,-81.16,-0.0371,-8.513,-84.07,Maybe,Maybe,Maybe
739,39.68878333,-106.9406733,2234.1,-108.2,-83.06,-81.58,-0.845,-9.604,-83.88,Maybe,Maybe,Maybe
740,39.68881167,-106.94077,2232.6,-108.6,-83.29,-81.96,-1.559,-9.69,-83.95,Maybe,Maybe,Maybe
741,39.68878833,-106.9408367,2231.8,-101.2183609, , , , , ,Good,Good,Maybe
742,39.68877667,-106.9409,2232.2,-105.0329437, , , , , ,Maybe,Maybe,Maybe
743,39.68878,-106.94095,2232.3,-108.6722031, , , , , ,Maybe,Maybe,Maybe
744,39.68876,-106.94102,2232.1,-117.1613846, , , , , ,No,No,No
745,39.68873,-106.9410933,2231.8,-127.8264313, , , , , ,No,No,No
746,39.68873,-106.9411517,2231.8,-136.3830414, , , , , ,No,No,No
747,39.68872667,-106.94118,2232.2,-132.2007446, , , , , ,No,No,No
748,39.68870833,-106.94124,2232.1,-117.506752, , , , , ,No,No,No
749,39.688725,-106.9413267,2232.4,-95.81513214, , , , , ,Good,Good,Good
750,39.68869667,-106.9413867,2232,-87.37075806, , , , , ,Good,Good,Good
751,39.68864,-106.9414067,2231.8,-86.17153168, , , , , ,Good,Good,Good
752,39.68859833,-106.9414467,2231.8,-81.06295013, , , , , ,Good,Good,Good
753,39.688585,-106.94145,2230.7,-80.44236755, , , , , ,Good,Good,Good
754,39.68853667,-106.9414417,2231.5,-80.27976227, , , , , ,Good,Good,Good
755,39.68850833,-106.9414083,2231.2,-82.58782196, , , , , ,Good,Good,Good
756,39.68846,-106.941385,2230.9,-111.1,-83.34,-82.01,-2.238,-12.13,-84.12,No,No,No
757,39.68839167,-106.9413817,2230.8,-107.6,-83.05,-81.35,0.38,-9.24,-84.13,Maybe,Maybe,Maybe
758,39.68831833,-106.94136,2230.9,-108.4,-83.14,-81.49,-1.873,-9.891,-84.07,Maybe,Maybe,Maybe
759,39.688225,-106.9413283,2230.3,-109,-83.31,-82,-2.829,-9.997,-84.22,Maybe,Maybe,Maybe
760,39.688155,-106.9412933,2229.6,-109.6,-83.49,-82.11,-2.659,-10.53,-84.29,Maybe,Maybe,Maybe
761,39.68806667,-106.9412883,2228.9,-105.8,-82.72,-80.48,1.362,-8.37,-84.25,Maybe,Maybe,Maybe
762,39.68797167,-106.94129,2228.3,-103.3,-81.49,-78.55,1.694,-7.776,-83.79,Good,Good,Maybe
763,39.68788,-106.9413083,2228,-110.1,-83.49,-82.37,-0.253,-10.7,-84.3,No,No,No
764,39.68780833,-106.9413117,2227.7,-104,-81.8,-78.89,1.449,-8.072,-84.3,Good,Good,Maybe
765,39.68774,-106.94132,2227.3,-110.8,-83.13,-81.74,-2.03,-12.06,-84.13,No,No,No
766,39.68768,-106.9413417,2227,-105.7,-82.86,-80.73,2.016,-7.98,-84.3,Maybe,Maybe,Maybe
767,39.68763,-106.9413733,2226.6,-110.9,-83.66,-82.72,0.536,-11.17,-84.17,No,No,No
768,39.68758667,-106.941425,2227.6,-108,-83.38,-81.84,0.41,-9.202,-84.29,Maybe,Maybe,Maybe
769,39.68755667,-106.941485,2228.6,-106.3,-83.02,-81.21,-0.245,-8.061,-84.05,Maybe,Maybe,Maybe
770,39.68755167,-106.9415833,2229.3,-114.1,-83.67,-82.47,-1.936,-14.66,-84.43,No,No,No
771,39.68759333,-106.9416933,2230.2,-112.9,-83.81,-83.02,-1.987,-12.88,-84.19,No,No,No
772,39.68765333,-106.94184,2231.2,-103,-81.87,-78.85,2.112,-7.206,-84.26,Good,Good,Maybe
773,39.68772,-106.9419917,2231.3,-103.7,-81.42,-78.8,8.837,-7.911,-83.97,Good,Good,Maybe
774,39.68777833,-106.9421317,2231.3,-99.44,-80.57,-76.86,7.432,-5.585,-84.26,Good,Good,Good
775,39.68785167,-106.94225,2230.9,-91.09,-72.87,-67.83,2.153,-6.273,-84.36,Good,Good,Good
776,39.68791,-106.9423683,2231.7,-85.14,-67.12,-62.58,3.23,-5.574,-74.19,Good,Good,Good
777,39.68798167,-106.94252,2231.9,-86.42,-68.72,-63.87,3.05,-5.569,-78.05,Good,Good,Good
778,39.68804,-106.9426483,2231.6,-76.44,-59.55,-54.31,4.257,-5.14,-84.4,Good,Good,Good
779,39.68809,-106.9427917,2230.5,-68.63,-51.44,-46.2,3.57,-5.442,-84.44,Good,Good,Good
780,39.68815,-106.942935,2228.5,-74.01052856, , , , , ,Good,Good,Good
781,39.68820667,-106.9430583,2227.3,-73.18669128, , , , , ,Good,Good,Good
782,39.68827667,-106.9431983,2225.7,-70.5617218, , , , , ,Good,Good,Good
783,39.68835333,-106.9433383,2224.9,-67.22788239, , , , , ,Good,Good,Good
784,39.68842333,-106.943455,2223.5,-64.60482788, , , , , ,Good,Good,Good
785,39.68843333,-106.9433833,2223,-65.6364975, , , , , ,Good,Good,Good
786,39.68849667,-106.9433467,2223,-65.57850647, , , , , ,Good,Good,Good
787,39.68857833,-106.9433433,2222.8,-65.43224335, , , , , ,Good,Good,Good
788,39.68863833,-106.9433667,2222.4,-65.19836426, , , , , ,Good,Good,Good
789,39.68867667,-106.9434017,2222.6,-65.09719849, , , , , ,Good,Good,Good
790,39.68874167,-106.9434267,2222.5,-64.87477112, , , , , ,Good,Good,Good
791,39.68878667,-106.943495,2222.6,-63.78358459, , , , , ,Good,Good,Good
792,39.688845,-106.9435667,2223.6,-62.77297592, , , , , ,Good,Good,Good
793,39.68882833,-106.9436383,2223.9,-61.04853821, , , , , ,Good,Good,Good
794,39.68882333,-106.9437317,2224.2,-58.71085739, , , , , ,Good,Good,Good
795,39.688815,-106.9438183,2223.9,-56.87631607, , , , , ,Good,Good,Good
796,39.68881833,-106.94392,2225.3,-55.33602142, , , , , ,Good,Good,Good
797,39.688785,-106.9439833,2224.6,-54.65293884, , , , , ,Good,Good,Good
798,39.688815,-106.94406,2225.4,-54.61498642, , , , , ,Good,Good,Good
799,39.68880167,-106.9441,2225.9,-54.63614273, , , , , ,Good,Good,Good
800,39.68874833,-106.94419,2224.1,-62.33,-46.13,-41.21,7.176,-4.134,-56.75,Good,Good,Good
801,39.68868833,-106.94426,2222.7,-55.34,-37.99,-33.03,3.977,-5.312,-48.4,Good,Good,Good
802,39.688695,-106.9443883,2223.4,-61.62,-44.29,-39.03,2.965,-5.593,-84.43,Good,Good,Good
