FID,Data_Point,Latitude,Longitude,Altitude,RSRP,RF_Channel,RSSI,SINR,RSRQ,OSTP,Text,Voice,Video
462,463,39.69243667,-106.9529067,2195.7,-150.0650330, , , , , ,No,No,No
461,462,39.69238333,-106.952765,2195.7,-149.8209229, , , , , ,No,No,No
463,464,39.69250833,-106.9530333,2195,-149.3980560, , , , , ,No,No,No
464,465,39.692585,-106.9531633,2193.7,-148.7395325, , , , , ,No,No,No
703,704,39.691295,-106.9392333,2260.7,-148.3889618, , , , , ,No,No,No
460,461,39.69234167,-106.9525933,2196,-148.3512878, , , , , ,No,No,No
465,466,39.69267167,-106.953285,2192.3,-147.8338776, , , , , ,No,No,No
459,460,39.69229333,-106.952455,2196.4,-147.2025146, , , , , ,No,No,No
466,467,39.692755,-106.9533883,2190.8,-147.1113739, , , , , ,No,No,No
702,703,39.69134667,-106.9393033,2260.8,-146.9597015, , , , , ,No,No,No
467,468,39.69285667,-106.9535067,2189.4,-146.0864258, , , , , ,No,No,No
458,459,39.69225667,-106.9523133,2196.2,-146.0280151, , , , , ,No,No,No
704,705,39.69123,-106.93917,2261.1,-146.0185547, , , , , ,No,No,No
468,469,39.692955,-106.95358,2188.6,-145.3768463, , , , , ,No,No,No
469,470,39.69303833,-106.9536067,2189.2,-145.1606445, , , , , ,No,No,No
470,471,39.69313167,-106.9536333,2190.1,-145.0400238, , , , , ,No,No,No
471,472,39.69322167,-106.9536483,2190.9,-144.8355560, , , , , ,No,No,No
472,473,39.69330667,-106.9536367,2192,-144.4975739, , , , , ,No,No,No
457,458,39.69222167,-106.952135,2196.3,-144.4877930, , , , , ,No,No,No
473,474,39.69338667,-106.95362,2192.8,-143.9723816, , , , , ,No,No,No
456,457,39.692185,-106.9519917,2196.5,-143.4410248, , , , , ,No,No,No
474,475,39.69348833,-106.9536067,2193.8,-143.3489990, , , , , ,No,No,No
445,446,39.691785,-106.9503533,2198.3,-143.2398529, , , , , ,No,No,No
455,456,39.69215167,-106.9518467,2196.4,-142.7460632, , , , , ,No,No,No
475,476,39.69356833,-106.9535733,2194.3,-142.6952209, , , , , ,No,No,No
444,445,39.69175,-106.9502167,2197,-142.6834869, , , , , ,No,No,No
446,447,39.69183,-106.9505067,2199.4,-142.5730438, , , , , ,No,No,No
427,428,39.69054333,-106.9491733,2196.8,-142.0282745, , , , , ,No,No,No
484,485,39.69394667,-106.952985,2204.1,-141.9918976, , , , , ,No,No,No
400,401,39.69056,-106.949225,2192.2,-141.9702759, , , , , ,No,No,No
443,444,39.69170333,-106.9500767,2196.3,-141.8845367, , , , , ,No,No,No
447,448,39.69187333,-106.950635,2199.5,-141.8610077, , , , , ,No,No,No
454,455,39.69212333,-106.9516683,2196.6,-141.8524933, , , , , ,No,No,No
476,477,39.69363667,-106.9534983,2195.9,-141.8060150, , , , , ,No,No,No
426,427,39.69051167,-106.9492933,2195.6,-141.7586212, , , , , ,No,No,No
535,536,39.69218833,-106.9500967,2209.5,-141.7165222, , , , , ,No,No,No
401,402,39.69053167,-106.9492983,2192,-141.7068481, , , , , ,No,No,No
399,400,39.69059333,-106.9491167,2192.7,-141.7004852, , , , , ,No,No,No
536,537,39.692125,-106.9500983,2207.9,-141.5862427, , , , , ,No,No,No
428,429,39.69056667,-106.9490583,2197.6,-141.5484924, , , , , ,No,No,No
537,538,39.69207333,-106.9500583,2205.6,-141.4333954, , , , , ,No,No,No
398,399,39.69063667,-106.9490117,2192.9,-141.3414764, , , , , ,No,No,No
483,484,39.69394333,-106.9530767,2203,-141.3319092, , , , , ,No,No,No
705,706,39.69115833,-106.93915,2260.4,-141.3280945, , , , , ,No,No,No
538,539,39.692045,-106.9499967,2202.8,-141.2688141, , , , , ,No,No,No
539,540,39.69206833,-106.949885,2203.2,-141.2418060, , , , , ,No,No,No
429,430,39.69064333,-106.9489933,2198.7,-141.1976166, , , , , ,No,No,No
482,483,39.69395,-106.9531367,2200.6,-141.1776886, , , , , ,No,No,No
448,449,39.69191667,-106.9507583,2199.1,-141.1633301, , , , , ,No,No,No
442,443,39.69164833,-106.9499483,2196.8,-141.1538544, , , , , ,No,No,No
481,482,39.69392333,-106.95323,2198.9,-141.1536713, , , , , ,No,No,No
477,478,39.69371,-106.95342,2197.3,-141.0984650, , , , , ,No,No,No
540,541,39.69202833,-106.9498167,2203.4,-141.0334320, , , , , ,No,No,No
478,479,39.69375333,-106.953385,2197.6,-141.0318451, , , , , ,No,No,No
453,454,39.6921,-106.9515067,2197.3,-141.0223846, , , , , ,No,No,No
479,480,39.693785,-106.9533517,2197.8,-140.9272461, , , , , ,No,No,No
541,542,39.69199167,-106.9498017,2204.4,-140.9110565, , , , , ,No,No,No
542,543,39.691945,-106.9498133,2205.4,-140.8926544, , , , , ,No,No,No
543,544,39.69189667,-106.9497717,2206.3,-140.8356781, , , , , ,No,No,No
441,442,39.69158667,-106.9498133,2198.2,-140.8087311, , , , , ,No,No,No
544,545,39.691835,-106.9497233,2205.6,-140.7656097, , , , , ,No,No,No
480,481,39.69384833,-106.9532833,2198.4,-140.7002258, , , , , ,No,No,No
545,546,39.69178,-106.9496467,2204.9,-140.6739197, , , , , ,No,No,No
397,398,39.69071667,-106.9489333,2193.5,-140.6547394, , , , , ,No,No,No
546,547,39.69174833,-106.9495267,2204.9,-140.5550232, , , , , ,No,No,No
440,441,39.69152,-106.94968,2199.7,-140.5204468, , , , , ,No,No,No
430,431,39.690725,-106.9489117,2202.1,-140.4798126, , , , , ,No,No,No
547,548,39.691685,-106.9494417,2204.6,-140.4211426, , , , , ,No,No,No
439,440,39.691465,-106.94954,2199.9,-140.3734741, , , , , ,No,No,No
449,450,39.69196667,-106.9509083,2198.5,-140.3392181, , , , , ,No,No,No
548,549,39.69159,-106.9494167,2203.5,-140.3034821, , , , , ,No,No,No
452,453,39.69207333,-106.9513483,2198.3,-140.2327271, , , , , ,No,No,No
549,550,39.69149333,-106.9493883,2202.8,-140.1460724, , , , , ,No,No,No
438,439,39.69140167,-106.9494017,2199.4,-140.0619507, , , , , ,No,No,No
701,702,39.69140167,-106.939385,2260.6,-140.0163727, , , , , ,No,No,No
402,403,39.69048167,-106.9493767,2191.5,-139.9690247, , , , , ,No,No,No
396,397,39.69077833,-106.9488483,2195.3,-139.9679871, , , , , ,No,No,No
550,551,39.69141833,-106.9493283,2201.4,-139.9660034, , , , , ,No,No,No
551,552,39.69134167,-106.9492883,2198.6,-139.8154602, , , , , ,No,No,No
434,435,39.69105833,-106.9488883,2202.1,-139.7757416, , , , , ,No,No,No
437,438,39.69132833,-106.949265,2198.2,-139.7635193, , , , , ,No,No,No
431,432,39.69076667,-106.948815,2203.3,-139.7524719, , , , , ,No,No,No
554,555,39.69110167,-106.94893,2200,-139.7075806, , , , , ,No,No,No
435,436,39.69115667,-106.94899,2200,-139.6040344, , , , , ,No,No,No
555,556,39.691015,-106.948815,2200.5,-139.5983124, , , , , ,No,No,No
553,554,39.69118167,-106.9490433,2199.6,-139.5969696, , , , , ,No,No,No
433,434,39.690975,-106.9488067,2202.9,-139.5558014, , , , , ,No,No,No
552,553,39.69126833,-106.9491717,2198.5,-139.5433197, , , , , ,No,No,No
436,437,39.69125,-106.9491167,2198.6,-139.4564056, , , , , ,No,No,No
451,452,39.69204333,-106.9512033,2198.5,-139.3040161, , , , , ,No,No,No
432,433,39.69087,-106.9487483,2203.7,-139.1793213, , , , , ,No,No,No
534,535,39.69225,-106.9501017,2210.4,-139.1437683, , , , , ,No,No,No
425,426,39.69046833,-106.9493983,2194.8,-139.1314392, , , , , ,No,No,No
450,451,39.692015,-106.9510517,2198.5,-139.0784607, , , , , ,No,No,No
395,396,39.69083333,-106.9487117,2196.2,-138.9306793, , , , , ,No,No,No
556,557,39.69092667,-106.9486867,2201.2,-138.6677856, , , , , ,No,No,No
485,486,39.69394333,-106.9529,2204,-138.6135406, , , , , ,No,No,No
531,532,39.69249667,-106.9499733,2216.5,-137.5986481, , , , , ,No,No,No
533,534,39.69232167,-106.95007,2213,-137.5007629, , , , , ,No,No,No
403,404,39.690445,-106.94949,2191,-137.4063873, , , , , ,No,No,No
394,395,39.69082667,-106.9485717,2196.8,-137.1274719, , , , , ,No,No,No
700,701,39.69142667,-106.9394433,2260.4,-136.9236908, , , , , ,No,No,No
532,533,39.69241333,-106.9500333,2214.6,-136.6051636, , , , , ,No,No,No
557,558,39.69084667,-106.9485483,2201.8,-136.5186920, , , , , ,No,No,No
424,425,39.690425,-106.9494767,2193.8,-136.3698273, , , , , ,No,No,No
404,405,39.69042333,-106.9495767,2190.5,-135.7856140, , , , , ,No,No,No
558,559,39.69077333,-106.9484433,2201.8,-135.3402100, , , , , ,No,No,No
699,700,39.691425,-106.9394867,2259.8,-134.9214478, , , , , ,No,No,No
393,394,39.69078,-106.9484367,2197.1,-134.8912506, , , , , ,No,No,No
530,531,39.69259667,-106.9499617,2217.9,-134.6014557, , , , , ,No,No,No
423,424,39.6904,-106.9495767,2193.3,-134.4943848, , , , , ,No,No,No
706,707,39.69107667,-106.9391017,2259.2,-134.1741638, , , , , ,No,No,No
405,406,39.69039333,-106.94966,2190.9,-133.7080231, , , , , ,No,No,No
520,521,39.69330333,-106.9504383,2221.3,-133.5201263, , , , , ,No,No,No
406,407,39.69038833,-106.9497167,2190.4,-133.1453094, , , , , ,No,No,No
422,423,39.69036833,-106.9496683,2192.7,-132.2762604, , , , , ,No,No,No
525,526,39.69304167,-106.9499817,2223.4,-132.1225891, , , , , ,No,No,No
521,522,39.69323667,-106.9503733,2221.4,-130.9488983, , , , , ,No,No,No
421,422,39.69034667,-106.949735,2192.1,-130.7288361, , , , , ,No,No,No
407,408,39.69035167,-106.9497967,2191,-130.7068024, , , , , ,No,No,No
522,523,39.69317167,-106.9502817,2221.3,-130.5891571, , , , , ,No,No,No
392,393,39.6907,-106.9483017,2197.1,-130.4300232, , , , , ,No,No,No
526,527,39.69299167,-106.9499067,2223.2,-129.5017090, , , , , ,No,No,No
559,560,39.69075833,-106.9483067,2202.3,-128.9550018, , , , , ,No,No,No
682,683,39.69162667,-106.9404683,2253.2,-128.9135742, , , , , ,No,No,No
420,421,39.69032167,-106.9498217,2191.4,-128.9128571, , , , , ,No,No,No
486,487,39.69395833,-106.9527867,2205.1,-128.7981415, , , , , ,No,No,No
408,409,39.69032333,-106.9498717,2191,-128.7702789, , , , , ,No,No,No
683,684,39.69159833,-106.9404417,2253.7,-128.2571564, , , , , ,No,No,No
707,708,39.69101333,-106.9390583,2258.2,-127.8028641, , , , , ,No,No,No
529,530,39.69270667,-106.94999,2219.4,-127.3780746, , , , , ,No,No,No
524,525,39.69305167,-106.9500933,2222.6,-127.3704224, , , , , ,No,No,No
391,392,39.69063167,-106.9481917,2196.9,-126.7457047, , , , , ,No,No,No
409,410,39.6903,-106.949965,2190.6,-126.7026291, , , , , ,No,No,No
419,420,39.69029667,-106.9498917,2191.9,-126.6923370, , , , , ,No,No,No
684,685,39.69156667,-106.9403983,2252.6,-126.0102463, , , , , ,No,No,No
519,520,39.69336667,-106.9505117,2222.6,-125.9586792, , , , , ,No,No,No
410,411,39.69028833,-106.950045,2190.2,-125.8060532, , , , , ,No,No,No
527,528,39.6929,-106.949895,2222,-125.6297607, , , , , ,No,No,No
418,419,39.69028,-106.949975,2191.2,-125.1617050, , , , , ,No,No,No
523,524,39.69307833,-106.9502017,2221.6,-124.7156982, , , , , ,No,No,No
681,682,39.69165167,-106.9405183,2253,-124.6048813, , , , , ,No,No,No
411,412,39.69027167,-106.9501517,2189.6,-124.5698242, , , , , ,No,No,No
698,699,39.69143833,-106.9396117,2257.1,-124.5472183, , , , , ,No,No,No
417,418,39.69027,-106.9500533,2189.8,-124.3804932, , , , , ,No,No,No
528,529,39.69282667,-106.9499667,2220.1,-123.5953064, , , , , ,No,No,No
416,417,39.69025667,-106.9501317,2189.7,-123.3245010, , , , , ,No,No,No
708,709,39.69101667,-106.938985,2259.1,-122.4032898, , , , , ,No,No,No
487,488,39.69399167,-106.9527,2205.3,-122.1680756, , , , , ,No,No,No
412,413,39.69023167,-106.9502283,2189.3,-121.7365875, , , , , ,No,No,No
415,416,39.69023167,-106.9502233,2189.2,-121.7166061, , , , , ,No,No,No
560,561,39.69078667,-106.9481917,2203.5,-121.6690445, , , , , ,No,No,No
390,391,39.69056167,-106.948075,2197.4,-121.3708572, , , , , ,No,No,No
680,681,39.69167,-106.94058,2253.6,-120.4145050, , , , , ,No,No,No
413,414,39.69019833,-106.950275,2189.3,-119.3065643, , , , , ,No,No,No
414,415,39.69019333,-106.9502667,2189.3,-118.8809738, , , , , ,No,No,No
679,680,39.69164167,-106.940635,2255.8,-118.5617676, , , , , ,No,No,No
685,686,39.69149167,-106.940385,2252.7,-118.4762878, , , , , ,No,No,No
488,489,39.694045,-106.95264,2206.4,-117.7760239, , , , , ,No,No,No
723,724,39.68962333,-106.939205,2252.9,-116.8715210, , , , , ,No,No,No
678,679,39.69160333,-106.9406733,2256.9,-116.7304153, , , , , ,No,No,No
518,519,39.69345,-106.9505583,2222.5,-115.8001480, , , , , ,No,No,No
724,725,39.68951167,-106.939245,2252.1,-115.7484360, , , , , ,No,No,No
719,720,39.69003,-106.93893,2255.8,-115.4195709, , , , , ,No,No,No
561,562,39.6908,-106.9480883,2205.5,-115.1169968, , , , , ,No,No,No
697,698,39.691455,-106.9397283,2257,-114.8028793, , , , , ,No,No,No
720,721,39.68993,-106.9390183,2254.7,-114.2578888, , , , , ,No,No,No
721,722,39.68983333,-106.9390917,2254.2,-114.0457535, , , , , ,No,No,No
389,390,39.69047833,-106.9479433,2198.5,-113.7155533, , , , , ,No,No,No
722,723,39.68972333,-106.9391783,2253.4,-113.5149765, , , , , ,No,No,No
709,710,39.69099,-106.9388767,2258.8,-112.8493195, , , , , ,No,No,No
718,719,39.69013667,-106.9388617,2256.2,-111.8526764, , , , , ,No,No,No
677,678,39.69160167,-106.9407633,2257.4,-111.1457672, , , , , ,No,No,No
686,687,39.69144833,-106.9403167,2253.6,-108.4140167, , , , , ,Maybe,Maybe,Maybe
725,726,39.68939167,-106.939325,2251.2,-107.9865646, , , , , ,Maybe,Maybe,Maybe
517,518,39.69353,-106.9506233,2222.2,-107.9105682, , , , , ,Maybe,Maybe,Maybe
489,490,39.69407167,-106.9525433,2206.9,-107.7845993, , , , , ,Maybe,Maybe,Maybe
562,563,39.69080833,-106.947975,2206.3,-107.6066360, , , , , ,Maybe,Maybe,Maybe
676,677,39.69157667,-106.94084,2258.2,-107.0748520, , , , , ,Maybe,Maybe,Maybe
696,697,39.69146333,-106.939835,2257.1,-106.0069885, , , , , ,Maybe,Maybe,Maybe
717,718,39.69025167,-106.9388033,2256.9,-105.5144501, , , , , ,Maybe,Maybe,Maybe
388,389,39.690395,-106.9478217,2198.9,-104.9041977, , , , , ,Good,Good,Maybe
695,696,39.691415,-106.9398617,2257.1,-104.6818619, , , , , ,Good,Good,Maybe
710,711,39.69094167,-106.938785,2257.7,-103.4900589, , , , , ,Good,Good,Maybe
490,491,39.69406667,-106.952475,2207.1,-101.1320724, , , , , ,Good,Good,Maybe
675,676,39.69158833,-106.9409167,2257.4,-100.8401871, , , , , ,Good,Good,Maybe
726,727,39.68927,-106.9394083,2249.7,-100.1677017, , , , , ,Good,Good,Maybe
516,517,39.693595,-106.950675,2223,-100.1216049, , , , , ,Good,Good,Maybe
563,564,39.69081667,-106.9478617,2208,-99.9832764, , , , , ,Good,Good,Good
491,492,39.69403167,-106.9524533,2207,-99.4852982, , , , , ,Good,Good,Good
694,695,39.69141,-106.939935,2257.1,-98.8233948, , , , , ,Good,Good,Good
716,717,39.69037667,-106.9387533,2258.6,-98.4886703, , , , , ,Good,Good,Good
693,694,39.69138333,-106.9399483,2256.9,-98.2069016, , , , , ,Good,Good,Good
387,388,39.69030833,-106.947725,2199.8,-97.5970840, , , , , ,Good,Good,Good
733,734,39.68905333,-106.9401767,2244.2,-96.7607193, , , , , ,Good,Good,Good
673,674,39.69152333,-106.9410417,2256.8,-96.2427826, , , , , ,Good,Good,Good
687,688,39.69141167,-106.9402267,2253.8,-96.0933685, , , , , ,Good,Good,Good
674,675,39.69156667,-106.9410183,2257.3,-95.8899765, , , , , ,Good,Good,Good
734,735,39.68897667,-106.9402467,2243.2,-95.5254822, , , , , ,Good,Good,Good
692,693,39.6914,-106.9399833,2256.5,-95.0786743, , , , , ,Good,Good,Good
564,565,39.69077333,-106.9477717,2207.4,-95.0468292, , , , , ,Good,Good,Good
735,736,39.68892333,-106.9403417,2240.7,-94.6972656, , , , , ,Good,Good,Good
492,493,39.69404667,-106.9523983,2207.3,-93.9351578, , , , , ,Good,Good,Good
711,712,39.69088833,-106.9386567,2259,-93.8451080, , , , , ,Good,Good,Good
565,566,39.69069667,-106.9477233,2208.6,-93.8387527, , , , , ,Good,Good,Good
727,728,39.68914333,-106.93949,2247.7,-93.2432938, , , , , ,Good,Good,Good
715,716,39.690495,-106.9387083,2259.4,-92.6761093, , , , , ,Good,Good,Good
712,713,39.69078833,-106.9386717,2259.4,-92.6137848, , , , , ,Good,Good,Good
566,567,39.69064833,-106.9476783,2209.9,-92.0936737, , , , , ,Good,Good,Good
672,673,39.69149833,-106.9411217,2256.9,-92.0202332, , , , , ,Good,Good,Good
688,689,39.69137833,-106.9401883,2253.4,-92.0092697, , , , , ,Good,Good,Good
690,691,39.691395,-106.9401,2254.1,-91.9272079, , , , , ,Good,Good,Good
689,690,39.69138,-106.94014,2254.1,-91.8192902, , , , , ,Good,Good,Good
714,715,39.69060167,-106.9386483,2259,-91.5325317, , , , , ,Good,Good,Good
713,714,39.6907,-106.93863,2259.5,-90.8228683, , , , , ,Good,Good,Good
670,671,39.691485,-106.94132,2256.3,-90.6030884, , , , , ,Good,Good,Good
691,692,39.691425,-106.940035,2256.7,-90.4533615, , , , , ,Good,Good,Good
515,516,39.69364667,-106.9507533,2223.8,-90.3253174, , , , , ,Good,Good,Good
736,737,39.68884,-106.9404383,2238.3,-90.1424255, , , , , ,Good,Good,Good
728,729,39.689075,-106.9396417,2246.4,-90.0090485, , , , , ,Good,Good,Good
671,672,39.691455,-106.94121,2257.2,-89.9391479, , , , , ,Good,Good,Good
669,670,39.69148,-106.9414183,2255.3,-89.6259155, , , , , ,Good,Good,Good
729,730,39.68904,-106.9397367,2245,-89.4152222, , , , , ,Good,Good,Good
730,731,39.68904833,-106.93984,2245.8,-89.2700806, , , , , ,Good,Good,Good
731,732,39.68898667,-106.9399367,2245.2,-88.8735275, , , , , ,Good,Good,Good
732,733,39.68898667,-106.94004,2243.8,-88.8295288, , , , , ,Good,Good,Good
493,494,39.69402167,-106.952335,2208.4,-88.2988739, , , , , ,Good,Good,Good
668,669,39.691505,-106.9415167,2254.5,-88.0388641, , , , , ,Good,Good,Good
386,387,39.69020333,-106.9476217,2200.7,-87.4976501, , , , , ,Good,Good,Good
667,668,39.69153,-106.9415933,2253.9,-87.0236816, , , , , ,Good,Good,Good
567,568,39.69062333,-106.9475867,2211.6,-86.5512924, , , , , ,Good,Good,Good
666,667,39.691495,-106.9416833,2253,-86.4575043, , , , , ,Good,Good,Good
665,666,39.69154333,-106.941755,2252.2,-85.2855682, , , , , ,Good,Good,Good
664,665,39.69157833,-106.9417883,2252,-84.6228180, , , , , ,Good,Good,Good
662,663,39.69153833,-106.9419083,2250.9,-84.2856674, , , , , ,Good,Good,Good
737,738,39.68878667,-106.9406183,2236.1,-84.1017838, , , , , ,Good,Good,Good
661,662,39.69152167,-106.9419733,2249.9,-84.0080338, , , , , ,Good,Good,Good
201,202,39.68269667,-106.9464517,2215.9,-83.9381714, , , , , ,Good,Good,Good
202,203,39.68272333,-106.9465383,2215.9,-83.9160767, , , , , ,Good,Good,Good
200,201,39.68269167,-106.9463717,2215.9,-83.9148483, , , , , ,Good,Good,Good
199,200,39.68270167,-106.94629,2215.3,-83.8670883, , , , , ,Good,Good,Good
203,204,39.682725,-106.9466133,2215.9,-83.8550262, , , , , ,Good,Good,Good
207,208,39.68262167,-106.9469667,2214.3,-83.8469238, , , , , ,Good,Good,Good
660,661,39.69149667,-106.94204,2249.7,-83.8292313, , , , , ,Good,Good,Good
196,197,39.68276167,-106.9460117,2214.9,-83.7845230, , , , , ,Good,Good,Good
208,209,39.68259833,-106.947035,2213.7,-83.7661057, , , , , ,Good,Good,Good
198,199,39.68274167,-106.9462,2215.4,-83.7475052, , , , , ,Good,Good,Good
197,198,39.68277,-106.946095,2215.3,-83.7248840, , , , , ,Good,Good,Good
663,664,39.69159833,-106.9418883,2251.2,-83.6838837, , , , , ,Good,Good,Good
195,196,39.68283333,-106.9459267,2215,-83.6442032, , , , , ,Good,Good,Good
194,195,39.68285333,-106.9458383,2215.1,-83.6352615, , , , , ,Good,Good,Good
189,190,39.68291167,-106.945485,2212.4,-83.6159058, , , , , ,Good,Good,Good
188,189,39.68289667,-106.9454267,2212.2,-83.6040955, , , , , ,Good,Good,Good
187,188,39.68288167,-106.9453767,2211.9,-83.5976563, , , , , ,Good,Good,Good
185,186,39.68287,-106.94527,2211.3,-83.5974197, , , , , ,Good,Good,Good
193,194,39.68288667,-106.9457683,2214.5,-83.5934219, , , , , ,Good,Good,Good
186,187,39.68287833,-106.9453317,2211.8,-83.5916901, , , , , ,Good,Good,Good
190,191,39.68292667,-106.9455567,2213.8,-83.5901260, , , , , ,Good,Good,Good
184,185,39.68287167,-106.9452117,2212.3,-83.5717087, , , , , ,Good,Good,Good
192,193,39.68290833,-106.9457167,2214.1,-83.5696335, , , , , ,Good,Good,Good
191,192,39.68293667,-106.9456283,2213.7,-83.5471573, , , , , ,Good,Good,Good
183,184,39.68287833,-106.94517,2212.3,-83.5406799, , , , , ,Good,Good,Good
204,205,39.68274333,-106.9466917,2215.7,-83.5302505, , , , , ,Good,Good,Good
182,183,39.68287833,-106.94511,2212.3,-83.5180054, , , , , ,Good,Good,Good
175,176,39.68282333,-106.9447233,2214.6,-83.5092468, , , , , ,Good,Good,Good
176,177,39.68283667,-106.94475,2213.8,-83.4916687, , , , , ,Good,Good,Good
177,178,39.682845,-106.9448083,2214.8,-83.4849625, , , , , ,Good,Good,Good
181,182,39.68288333,-106.945035,2211.4,-83.4748764, , , , , ,Good,Good,Good
174,175,39.682855,-106.9447117,2214.7,-83.4399033, , , , , ,Good,Good,Good
179,180,39.68287667,-106.9449133,2211.3,-83.4367599, , , , , ,Good,Good,Good
206,207,39.68267833,-106.94691,2214.4,-83.4354553, , , , , ,Good,Good,Good
178,179,39.68288,-106.94484,2212.9,-83.4081497, , , , , ,Good,Good,Good
180,181,39.68290333,-106.944955,2209.7,-83.3933792, , , , , ,Good,Good,Good
205,206,39.68272,-106.946795,2214.7,-83.3827286, , , , , ,Good,Good,Good
209,210,39.68264,-106.9470583,2213.6,-83.3518219, , , , , ,Good,Good,Good
173,174,39.68290833,-106.9447183,2214.1,-83.3066483, , , , , ,Good,Good,Good
659,660,39.69146167,-106.9421067,2248.8,-83.2957153, , , , , ,Good,Good,Good
172,173,39.682955,-106.9447383,2214.6,-83.1955032, , , , , ,Good,Good,Good
514,515,39.69370333,-106.9508333,2223.9,-83.1926727, , , , , ,Good,Good,Good
171,172,39.68301667,-106.944755,2213.7,-83.0480881, , , , , ,Good,Good,Good
170,171,39.683085,-106.944775,2213.5,-82.8908768, , , , , ,Good,Good,Good
169,170,39.68313667,-106.9447783,2213.7,-82.7675018, , , , , ,Good,Good,Good
738,739,39.68878333,-106.9406733,2234.1,-82.7632217, , , , , ,Good,Good,Good
210,211,39.68267,-106.9471167,2213.2,-82.6844330, , , , , ,Good,Good,Good
494,495,39.69403,-106.9522783,2209.1,-82.6149063, , , , , ,Good,Good,Good
168,169,39.6832,-106.944775,2213.8,-82.6131897, , , , , ,Good,Good,Good
167,168,39.68327,-106.9447867,2213.4,-82.4503098, , , , , ,Good,Good,Good
211,212,39.68269667,-106.94717,2213,-82.3679962, , , , , ,Good,Good,Good
166,167,39.68333833,-106.9447883,2213.2,-82.2875214, , , , , ,Good,Good,Good
568,569,39.69062667,-106.9475233,2213.8,-82.1554642, , , , , ,Good,Good,Good
165,166,39.68341333,-106.9448033,2213.5,-82.1173782, , , , , ,Good,Good,Good
164,165,39.68346333,-106.9448467,2213,-82.0302353, , , , , ,Good,Good,Good
163,164,39.68352333,-106.9448733,2212.6,-81.9167328, , , , , ,Good,Good,Good
162,163,39.68357667,-106.9448883,2211.8,-81.8131332, , , , , ,Good,Good,Good
212,213,39.682755,-106.9472117,2212.6,-81.7365723, , , , , ,Good,Good,Good
161,162,39.683625,-106.9449417,2210.9,-81.7181931, , , , , ,Good,Good,Good
160,161,39.68367333,-106.944955,2210.2,-81.5875320, , , , , ,Good,Good,Good
159,160,39.68373333,-106.944975,2209.7,-81.4302979, , , , , ,Good,Good,Good
158,159,39.68379,-106.9449983,2208.9,-81.2712250, , , , , ,Good,Good,Good
739,740,39.68881167,-106.94077,2232.6,-81.2320328, , , , , ,Good,Good,Good
157,158,39.68382667,-106.9450433,2208.1,-81.1668549, , , , , ,Good,Good,Good
156,157,39.68386833,-106.94508,2208,-81.0351715, , , , , ,Good,Good,Good
155,156,39.68391167,-106.9451217,2207.2,-80.9072113, , , , , ,Good,Good,Good
214,215,39.68286667,-106.9473217,2210.9,-80.7330780, , , , , ,Good,Good,Good
569,570,39.69060167,-106.947485,2215.1,-80.7163086, , , , , ,Good,Good,Good
154,155,39.68397833,-106.9451583,2206.8,-80.6955872, , , , , ,Good,Good,Good
213,214,39.68283833,-106.9472567,2211.9,-80.6627808, , , , , ,Good,Good,Good
153,154,39.68402667,-106.94521,2206.3,-80.5967102, , , , , ,Good,Good,Good
215,216,39.68290667,-106.947365,2210.3,-80.4186401, , , , , ,Good,Good,Good
152,153,39.68409667,-106.9452183,2206.4,-80.3780212, , , , , ,Good,Good,Good
151,152,39.68417,-106.9452533,2205.8,-80.1963043, , , , , ,Good,Good,Good
658,659,39.69142667,-106.9421883,2247.9,-80.0511551, , , , , ,Good,Good,Good
150,151,39.684235,-106.9452767,2205.3,-80.0263824, , , , , ,Good,Good,Good
299,300,39.68559167,-106.94732,2195.6,-79.9413605, , , , , ,Good,Good,Good
149,150,39.684295,-106.945295,2204.8,-79.8467712, , , , , ,Good,Good,Good
148,149,39.684365,-106.94533,2205.1,-79.6289978, , , , , ,Good,Good,Good
216,217,39.68296167,-106.9473733,2210.8,-79.5476608, , , , , ,Good,Good,Good
29,30,39.68709333,-106.941325,2230.6,-79.4314117, , , , , ,Good,Good,Good
147,148,39.684425,-106.94531,2204.5,-79.4292145, , , , , ,Good,Good,Good
300,301,39.68566667,-106.94724,2197,-79.3104095, , , , , ,Good,Good,Good
28,29,39.68717333,-106.941295,2231.1,-79.2082062, , , , , ,Good,Good,Good
146,147,39.68449833,-106.94529,2204.2,-79.1932907, , , , , ,Good,Good,Good
740,741,39.68878833,-106.9408367,2231.8,-79.1454391, , , , , ,Good,Good,Good
298,299,39.68557833,-106.94743,2194,-79.0981522, , , , , ,Good,Good,Good
30,31,39.68699833,-106.94134,2229.7,-78.8898392, , , , , ,Good,Good,Good
145,146,39.68458333,-106.9453017,2204.3,-78.8757706, , , , , ,Good,Good,Good
144,145,39.684655,-106.9453217,2204.2,-78.6224594, , , , , ,Good,Good,Good
217,218,39.68302667,-106.9473883,2209.5,-78.5627899, , , , , ,Good,Good,Good
297,298,39.68557167,-106.9475233,2193.3,-78.3134613, , , , , ,Good,Good,Good
385,386,39.69011,-106.9475267,2202,-78.2725449, , , , , ,Good,Good,Good
143,144,39.68475,-106.9453217,2204.4,-78.2529297, , , , , ,Good,Good,Good
31,32,39.68692,-106.9413833,2229.7,-78.1827087, , , , , ,Good,Good,Good
27,28,39.687245,-106.9413017,2232,-78.0584335, , , , , ,Good,Good,Good
301,302,39.68575667,-106.9471817,2197.9,-77.9977798, , , , , ,Good,Good,Good
570,571,39.690575,-106.9474217,2216.8,-77.8260727, , , , , ,Good,Good,Good
142,143,39.68485667,-106.9453133,2205.1,-77.7918320, , , , , ,Good,Good,Good
218,219,39.68309,-106.9474167,2208.9,-77.7439499, , , , , ,Good,Good,Good
296,297,39.68558833,-106.947615,2193,-77.5052490, , , , , ,Good,Good,Good
26,27,39.68728833,-106.941215,2231.9,-77.4870911, , , , , ,Good,Good,Good
741,742,39.68877667,-106.9409,2232.2,-77.4178467, , , , , ,Good,Good,Good
141,142,39.68497,-106.945345,2205.7,-77.3883667, , , , , ,Good,Good,Good
32,33,39.68685167,-106.94146,2230,-77.3490982, , , , , ,Good,Good,Good
219,220,39.68314,-106.947455,2208.1,-77.2512512, , , , , ,Good,Good,Good
228,229,39.68345,-106.9478317,2203.4,-77.1663895, , , , , ,Good,Good,Good
229,230,39.6835,-106.94788,2202.4,-77.0795746, , , , , ,Good,Good,Good
140,141,39.68507333,-106.945375,2206.4,-77.0240326, , , , , ,Good,Good,Good
227,228,39.68342667,-106.947775,2203.6,-76.8237076, , , , , ,Good,Good,Good
302,303,39.68584167,-106.9471333,2198.5,-76.7565231, , , , , ,Good,Good,Good
295,296,39.68560833,-106.9477,2192.6,-76.7428513, , , , , ,Good,Good,Good
25,26,39.68734167,-106.94115,2231.2,-76.7293091, , , , , ,Good,Good,Good
230,231,39.68352,-106.9479367,2202.1,-76.7268677, , , , , ,Good,Good,Good
33,34,39.68679167,-106.9415217,2229.4,-76.7038956, , , , , ,Good,Good,Good
657,658,39.69140333,-106.9422683,2247.3,-76.7017288, , , , , ,Good,Good,Good
139,140,39.68519333,-106.94544,2206.7,-76.6632614, , , , , ,Good,Good,Good
220,221,39.68319333,-106.947485,2207.4,-76.6427689, , , , , ,Good,Good,Good
223,224,39.68330167,-106.9476167,2206.5,-76.6195679, , , , , ,Good,Good,Good
222,223,39.68328333,-106.9475817,2206.7,-76.4575500, , , , , ,Good,Good,Good
221,222,39.68324,-106.9475317,2207.4,-76.4414520, , , , , ,Good,Good,Good
742,743,39.68878,-106.94095,2232.3,-76.3539810, , , , , ,Good,Good,Good
138,139,39.68527,-106.9454417,2207.7,-76.3503342, , , , , ,Good,Good,Good
513,514,39.69374167,-106.9509233,2223.3,-76.2453690, , , , , ,Good,Good,Good
225,226,39.68337333,-106.9476617,2205.3,-76.2234421, , , , , ,Good,Good,Good
224,225,39.68334167,-106.9476217,2206.3,-76.1727982, , , , , ,Good,Good,Good
226,227,39.68341333,-106.9477017,2204,-76.1692429, , , , , ,Good,Good,Good
133,134,39.68532667,-106.9456883,2206.5,-76.1406097, , , , , ,Good,Good,Good
24,25,39.68738667,-106.941125,2231.2,-76.0853729, , , , , ,Good,Good,Good
231,232,39.68355333,-106.9479867,2202.2,-76.0759888, , , , , ,Good,Good,Good
137,138,39.68531,-106.9454,2208.4,-76.0659714, , , , , ,Good,Good,Good
294,295,39.685635,-106.94778,2192.7,-76.0024948, , , , , ,Good,Good,Good
134,135,39.68535833,-106.9455917,2207.2,-75.9413986, , , , , ,Good,Good,Good
303,304,39.68590333,-106.9471217,2199.4,-75.9176712, , , , , ,Good,Good,Good
132,133,39.68534833,-106.9457867,2205.4,-75.8499146, , , , , ,Good,Good,Good
34,35,39.68671,-106.94156,2228.6,-75.7894363, , , , , ,Good,Good,Good
135,136,39.685385,-106.9455117,2208.2,-75.7786179, , , , , ,Good,Good,Good
136,137,39.68537333,-106.94541,2208.3,-75.7687836, , , , , ,Good,Good,Good
35,36,39.68667333,-106.9416167,2228.5,-75.5004501, , , , , ,Good,Good,Good
36,37,39.686645,-106.94171,2228.4,-75.4268723, , , , , ,Good,Good,Good
232,233,39.68359833,-106.94804,2201.7,-75.2713470, , , , , ,Good,Good,Good
131,132,39.68541333,-106.9458283,2204.8,-75.2609863, , , , , ,Good,Good,Good
293,294,39.68566333,-106.9478667,2192.9,-75.2017975, , , , , ,Good,Good,Good
495,496,39.69403167,-106.9522017,2210.1,-75.1435242, , , , , ,Good,Good,Good
38,39,39.68658667,-106.941875,2227.8,-75.0552368, , , , , ,Good,Good,Good
23,24,39.68743833,-106.94126,2232,-75.0274811, , , , , ,Good,Good,Good
37,38,39.686595,-106.9418117,2227.8,-74.9728241, , , , , ,Good,Good,Good
496,497,39.69399,-106.9521417,2210.3,-74.8833923, , , , , ,Good,Good,Good
304,305,39.685985,-106.9471267,2200,-74.8624191, , , , , ,Good,Good,Good
130,131,39.68545167,-106.9458933,2204.1,-74.8413010, , , , , ,Good,Good,Good
656,657,39.69136333,-106.94237,2246.4,-74.7681503, , , , , ,Good,Good,Good
233,234,39.68364667,-106.948075,2201.2,-74.5165863, , , , , ,Good,Good,Good
281,282,39.68514167,-106.9490783,2198.5,-74.4463425, , , , , ,Good,Good,Good
282,283,39.68519667,-106.9490033,2198.3,-74.4089432, , , , , ,Good,Good,Good
292,293,39.68567833,-106.9479733,2193.9,-74.2749557, , , , , ,Good,Good,Good
280,281,39.685075,-106.949165,2198.7,-74.2688141, , , , , ,Good,Good,Good
283,284,39.68527167,-106.9489133,2198.3,-74.2031708, , , , , ,Good,Good,Good
129,130,39.685525,-106.9459317,2203.9,-74.1749191, , , , , ,Good,Good,Good
39,40,39.686635,-106.9419867,2227.8,-74.0414047, , , , , ,Good,Good,Good
22,23,39.68749167,-106.9413983,2233.1,-73.9683456, , , , , ,Good,Good,Good
284,285,39.68531833,-106.9487983,2197.7,-73.9519806, , , , , ,Good,Good,Good
497,498,39.69395833,-106.95209,2211.9,-73.9267807, , , , , ,Good,Good,Good
743,744,39.68876,-106.94102,2232.1,-73.8662109, , , , , ,Good,Good,Good
279,280,39.68501,-106.9492733,2198.8,-73.8520432, , , , , ,Good,Good,Good
285,286,39.68536833,-106.9487067,2197.7,-73.7834473, , , , , ,Good,Good,Good
305,306,39.68607,-106.947115,2200.4,-73.7171402, , , , , ,Good,Good,Good
571,572,39.690545,-106.9473433,2219.4,-73.6922379, , , , , ,Good,Good,Good
286,287,39.685425,-106.9486117,2197.8,-73.6193771, , , , , ,Good,Good,Good
128,129,39.68560167,-106.94592,2203.6,-73.5608063, , , , , ,Good,Good,Good
278,279,39.68495833,-106.94936,2199.2,-73.4839172, , , , , ,Good,Good,Good
234,235,39.68367333,-106.9481483,2201.4,-73.4790115, , , , , ,Good,Good,Good
287,288,39.68547167,-106.9485,2198,-73.4599457, , , , , ,Good,Good,Good
288,289,39.68554333,-106.9483733,2198.1,-73.4146118, , , , , ,Good,Good,Good
291,292,39.68568667,-106.948075,2195.2,-73.4080658, , , , , ,Good,Good,Good
267,268,39.68438333,-106.949805,2202.6,-73.3897018, , , , , ,Good,Good,Good
266,267,39.68434333,-106.9497483,2202.8,-73.3505478, , , , , ,Good,Good,Good
290,291,39.68565667,-106.9481733,2196.5,-73.3122177, , , , , ,Good,Good,Good
127,128,39.685655,-106.9458383,2204.2,-73.2529144, , , , , ,Good,Good,Good
275,276,39.68479167,-106.9496333,2200.2,-73.1913757, , , , , ,Good,Good,Good
235,236,39.68366,-106.9481967,2201.1,-73.1766129, , , , , ,Good,Good,Good
384,385,39.69001167,-106.94744,2202.8,-73.1647186, , , , , ,Good,Good,Good
272,273,39.68461167,-106.9499083,2201,-73.1600037, , , , , ,Good,Good,Good
645,646,39.69075,-106.9431733,2240.2,-73.1325302, , , , , ,Good,Good,Good
265,266,39.68430333,-106.9497067,2202.9,-73.1105957, , , , , ,Good,Good,Good
277,278,39.68490167,-106.9494533,2199.7,-73.1059265, , , , , ,Good,Good,Good
289,290,39.68561,-106.948275,2197.9,-73.0563049, , , , , ,Good,Good,Good
268,269,39.68442333,-106.9498533,2202.5,-72.9962387, , , , , ,Good,Good,Good
236,237,39.68366667,-106.9482067,2201.1,-72.9905167, , , , , ,Good,Good,Good
273,274,39.68466333,-106.94983,2200.2,-72.9691467, , , , , ,Good,Good,Good
655,656,39.69132833,-106.942455,2245.5,-72.9291077, , , , , ,Good,Good,Good
118,119,39.68576167,-106.94542,2200.7,-72.8981018, , , , , ,Good,Good,Good
126,127,39.68571,-106.9457683,2204.4,-72.8940125, , , , , ,Good,Good,Good
644,645,39.69067167,-106.9432667,2239.4,-72.8285980, , , , , ,Good,Good,Good
264,265,39.68426667,-106.9496633,2202.9,-72.8185120, , , , , ,Good,Good,Good
768,769,39.68755667,-106.941485,2228.6,-72.8070831, , , , , ,Good,Good,Good
237,238,39.68367167,-106.9482217,2201.3,-72.7763443, , , , , ,Good,Good,Good
769,770,39.68755167,-106.9415833,2229.3,-72.7377701, , , , , ,Good,Good,Good
276,277,39.684845,-106.9495333,2199.9,-72.7004013, , , , , ,Good,Good,Good
21,22,39.68755833,-106.94155,2234.8,-72.6841125, , , , , ,Good,Good,Good
125,126,39.68575,-106.9456983,2203.7,-72.6629639, , , , , ,Good,Good,Good
512,513,39.69373667,-106.95099,2223.3,-72.6514282, , , , , ,Good,Good,Good
40,41,39.686675,-106.9420917,2228.3,-72.6428604, , , , , ,Good,Good,Good
119,120,39.68579833,-106.9454133,2200.5,-72.5853195, , , , , ,Good,Good,Good
306,307,39.68615,-106.9470733,2200.8,-72.5525208, , , , , ,Good,Good,Good
238,239,39.68365833,-106.9482667,2201.5,-72.5211639, , , , , ,Good,Good,Good
124,125,39.68577833,-106.9456367,2202.6,-72.5189667, , , , , ,Good,Good,Good
263,264,39.68423667,-106.9496217,2202.8,-72.4906082, , , , , ,Good,Good,Good
117,118,39.68581167,-106.9454117,2200.2,-72.4722061, , , , , ,Good,Good,Good
654,655,39.691305,-106.9425017,2245.2,-72.4558105, , , , , ,Good,Good,Good
767,768,39.68758667,-106.941425,2227.6,-72.4168854, , , , , ,Good,Good,Good
274,275,39.68472833,-106.949735,2200.1,-72.3856888, , , , , ,Good,Good,Good
123,124,39.68581333,-106.9455933,2201.9,-72.2925644, , , , , ,Good,Good,Good
572,573,39.69049333,-106.947275,2221.2,-72.2855835, , , , , ,Good,Good,Good
120,121,39.68584,-106.94543,2200.6,-72.2502289, , , , , ,Good,Good,Good
116,117,39.68583667,-106.9453867,2201.7,-72.2416992, , , , , ,Good,Good,Good
646,647,39.69084,-106.9430717,2241.3,-72.2003403, , , , , ,Good,Good,Good
269,270,39.68447167,-106.949885,2202,-72.1659088, , , , , ,Good,Good,Good
122,123,39.685835,-106.9455667,2200.5,-72.1519699, , , , , ,Good,Good,Good
653,654,39.69124667,-106.942565,2244.5,-72.0795288, , , , , ,Good,Good,Good
121,122,39.68586,-106.94549,2200.4,-72.0605774, , , , , ,Good,Good,Good
239,240,39.68364667,-106.9483567,2201,-72.0103149, , , , , ,Good,Good,Good
262,263,39.68420333,-106.9495567,2202.3,-71.9112473, , , , , ,Good,Good,Good
115,116,39.68587167,-106.94534,2203.3,-71.9090576, , , , , ,Good,Good,Good
770,771,39.68759333,-106.9416933,2230.2,-71.8963089, , , , , ,Good,Good,Good
766,767,39.68763,-106.9413733,2226.6,-71.8066101, , , , , ,Good,Good,Good
271,272,39.68455167,-106.9499567,2201.9,-71.7461700, , , , , ,Good,Good,Good
643,644,39.69060333,-106.943365,2238.4,-71.7222366, , , , , ,Good,Good,Good
307,308,39.68622333,-106.947035,2201,-71.6665573, , , , , ,Good,Good,Good
240,241,39.68361833,-106.9484433,2200.9,-71.6008606, , , , , ,Good,Good,Good
270,271,39.68449667,-106.949935,2201.9,-71.5390701, , , , , ,Good,Good,Good
652,653,39.69118667,-106.942655,2243.7,-71.4660568, , , , , ,Good,Good,Good
308,309,39.686285,-106.9469967,2201.2,-71.3838806, , , , , ,Good,Good,Good
20,21,39.68762667,-106.94171,2235.8,-71.3362503, , , , , ,Good,Good,Good
498,499,39.69392333,-106.95203,2213.1,-71.3180542, , , , , ,Good,Good,Good
261,262,39.68416667,-106.94949,2202.2,-71.3171082, , , , , ,Good,Good,Good
114,115,39.68595833,-106.9453533,2204.1,-71.1939697, , , , , ,Good,Good,Good
586,587,39.69062833,-106.9460183,2233.9,-71.1916122, , , , , ,Good,Good,Good
383,384,39.68992667,-106.9473483,2203.3,-71.1869278, , , , , ,Good,Good,Good
744,745,39.68873,-106.9410933,2231.8,-71.1545792, , , , , ,Good,Good,Good
309,310,39.68635833,-106.9469617,2201.1,-71.0833969, , , , , ,Good,Good,Good
765,766,39.68768,-106.9413417,2227,-71.0732956, , , , , ,Good,Good,Good
647,648,39.69090667,-106.94297,2242.2,-71.0047836, , , , , ,Good,Good,Good
260,261,39.68411667,-106.9494417,2201.9,-70.9802856, , , , , ,Good,Good,Good
310,311,39.68645,-106.9469433,2201.1,-70.9382553, , , , , ,Good,Good,Good
587,588,39.69056667,-106.9459517,2233,-70.8909149, , , , , ,Good,Good,Good
41,42,39.68669833,-106.942225,2228.7,-70.8640060, , , , , ,Good,Good,Good
311,312,39.68653,-106.94692,2201.4,-70.8347397, , , , , ,Good,Good,Good
651,652,39.69111333,-106.9427533,2243.2,-70.8112488, , , , , ,Good,Good,Good
573,574,39.690475,-106.9471633,2223.3,-70.7784119, , , , , ,Good,Good,Good
259,260,39.68407667,-106.9494,2201.7,-70.7442017, , , , , ,Good,Good,Good
312,313,39.68661,-106.9469067,2201.6,-70.7180786, , , , , ,Good,Good,Good
241,242,39.68361167,-106.9485433,2200.5,-70.6760025, , , , , ,Good,Good,Good
649,650,39.69101667,-106.9428867,2242.2,-70.5956268, , , , , ,Good,Good,Good
764,765,39.68774,-106.94132,2227.3,-70.5374222, , , , , ,Good,Good,Good
771,772,39.68765333,-106.94184,2231.2,-70.5342407, , , , , ,Good,Good,Good
648,649,39.69098667,-106.9428883,2242.4,-70.4585190, , , , , ,Good,Good,Good
258,259,39.684045,-106.94934,2201.9,-70.4283218, , , , , ,Good,Good,Good
313,314,39.686695,-106.9468767,2202.5,-70.4080582, , , , , ,Good,Good,Good
509,510,39.69380167,-106.9512783,2222.8,-70.3834991, , , , , ,Good,Good,Good
650,651,39.69106167,-106.9428483,2242.1,-70.3773346, , , , , ,Good,Good,Good
113,114,39.686055,-106.9453333,2205.6,-70.3667984, , , , , ,Good,Good,Good
382,383,39.68984167,-106.94726,2204.2,-70.3474350, , , , , ,Good,Good,Good
642,643,39.69053,-106.9434483,2238,-70.3354034, , , , , ,Good,Good,Good
257,258,39.68404333,-106.949325,2201.7,-70.3024750, , , , , ,Good,Good,Good
314,315,39.68677,-106.946865,2203.3,-70.2353745, , , , , ,Good,Good,Good
574,575,39.69046667,-106.94707,2224,-70.1967316, , , , , ,Good,Good,Good
19,20,39.68768667,-106.9418433,2236.7,-70.1108856, , , , , ,Good,Good,Good
242,243,39.68362167,-106.9486033,2200.5,-70.0571136, , , , , ,Good,Good,Good
763,764,39.68780833,-106.9413117,2227.7,-70.0360718, , , , , ,Good,Good,Good
508,509,39.693835,-106.9513917,2222.9,-69.9426651, , , , , ,Good,Good,Good
315,316,39.68684,-106.946845,2203.8,-69.9114227, , , , , ,Good,Good,Good
585,586,39.69063333,-106.946145,2232.7,-69.8905411, , , , , ,Good,Good,Good
256,257,39.68407,-106.9492833,2201.4,-69.8876190, , , , , ,Good,Good,Good
575,576,39.69043167,-106.9469633,2225.5,-69.8815842, , , , , ,Good,Good,Good
42,43,39.68672833,-106.9423367,2228.5,-69.7564011, , , , , ,Good,Good,Good
588,589,39.69049,-106.945905,2230.3,-69.7328186, , , , , ,Good,Good,Good
500,501,39.69389667,-106.9518917,2216.1,-69.7197342, , , , , ,Good,Good,Good
112,113,39.68613167,-106.9452917,2206.7,-69.6887131, , , , , ,Good,Good,Good
576,577,39.69041667,-106.946905,2226.6,-69.6853714, , , , , ,Good,Good,Good
510,511,39.69377167,-106.9511733,2222.3,-69.6185989, , , , , ,Good,Good,Good
499,500,39.6939,-106.9519717,2214.4,-69.6157990, , , , , ,Good,Good,Good
501,502,39.69389,-106.9518367,2216.3,-69.5974426, , , , , ,Good,Good,Good
243,244,39.68365167,-106.948665,2200.5,-69.5966187, , , , , ,Good,Good,Good
505,506,39.69388833,-106.9516817,2217.6,-69.5858307, , , , , ,Good,Good,Good
255,256,39.68410833,-106.9492167,2201.6,-69.5623932, , , , , ,Good,Good,Good
316,317,39.686915,-106.9468117,2204.9,-69.5268021, , , , , ,Good,Good,Good
254,255,39.68409833,-106.94914,2201.6,-69.5241928, , , , , ,Good,Good,Good
762,763,39.68788,-106.9413083,2228,-69.4809113, , , , , ,Good,Good,Good
745,746,39.68873,-106.9411517,2231.8,-69.4713211, , , , , ,Good,Good,Good
577,578,39.69041667,-106.9468467,2227.7,-69.4029388, , , , , ,Good,Good,Good
641,642,39.690465,-106.94355,2237.5,-69.3850174, , , , , ,Good,Good,Good
503,504,39.69388333,-106.9517967,2215.4,-69.3696823, , , , , ,Good,Good,Good
502,503,39.69388333,-106.95181,2215.7,-69.3678436, , , , , ,Good,Good,Good
244,245,39.68367833,-106.94874,2200.8,-69.2986450, , , , , ,Good,Good,Good
381,382,39.68978,-106.947125,2204.6,-69.2962952, , , , , ,Good,Good,Good
761,762,39.68797167,-106.94129,2228.3,-69.2955780, , , , , ,Good,Good,Good
746,747,39.68872667,-106.94118,2232.2,-69.1885300, , , , , ,Good,Good,Good
583,584,39.69065167,-106.9463217,2231.3,-69.1789398, , , , , ,Good,Good,Good
253,254,39.684025,-106.9491233,2201.6,-69.1788101, , , , , ,Good,Good,Good
760,761,39.68806667,-106.9412883,2228.9,-69.1705627, , , , , ,Good,Good,Good
317,318,39.68699,-106.9467783,2206.2,-69.1370621, , , , , ,Good,Good,Good
506,507,39.69387667,-106.9516033,2220,-69.1296692, , , , , ,Good,Good,Good
111,112,39.68619833,-106.94528,2207.6,-69.1198807, , , , , ,Good,Good,Good
584,585,39.690625,-106.9462533,2231.7,-69.0739899, , , , , ,Good,Good,Good
504,505,39.693875,-106.951755,2216.2,-69.0418167, , , , , ,Good,Good,Good
245,246,39.68372,-106.9487967,2200.8,-69.0318985, , , , , ,Good,Good,Good
507,508,39.69387333,-106.9515033,2221.1,-69.0097122, , , , , ,Good,Good,Good
759,760,39.688155,-106.9412933,2229.6,-68.9729919, , , , , ,Good,Good,Good
251,252,39.68391667,-106.9490733,2201.3,-68.9207153, , , , , ,Good,Good,Good
250,251,39.68386,-106.9490717,2201.1,-68.9050217, , , , , ,Good,Good,Good
252,253,39.68396167,-106.9490967,2201.8,-68.8952103, , , , , ,Good,Good,Good
318,319,39.68706333,-106.9467817,2207.2,-68.8894272, , , , , ,Good,Good,Good
43,44,39.68677167,-106.94244,2228.3,-68.8856506, , , , , ,Good,Good,Good
747,748,39.68870833,-106.94124,2232.1,-68.8687286, , , , , ,Good,Good,Good
246,247,39.68376167,-106.94884,2200.9,-68.8152618, , , , , ,Good,Good,Good
578,579,39.69049,-106.9468067,2227.6,-68.7889175, , , , , ,Good,Good,Good
748,749,39.688725,-106.9413267,2232.4,-68.7776108, , , , , ,Good,Good,Good
772,773,39.68772,-106.9419917,2231.3,-68.7081223, , , , , ,Good,Good,Good
758,759,39.688225,-106.9413283,2230.3,-68.6458206, , , , , ,Good,Good,Good
319,320,39.68714333,-106.9467767,2208.2,-68.5811768, , , , , ,Good,Good,Good
249,250,39.68380833,-106.9490417,2201.1,-68.5703888, , , , , ,Good,Good,Good
247,248,39.68378667,-106.9489117,2200.7,-68.5423431, , , , , ,Good,Good,Good
582,583,39.69060667,-106.9464267,2230.2,-68.4799881, , , , , ,Good,Good,Good
18,19,39.68774833,-106.941985,2237.5,-68.4238815, , , , , ,Good,Good,Good
757,758,39.68831833,-106.94136,2230.9,-68.3796768, , , , , ,Good,Good,Good
749,750,39.68869667,-106.9413867,2232,-68.3773499, , , , , ,Good,Good,Good
248,249,39.68379333,-106.9489667,2200.7,-68.3582611, , , , , ,Good,Good,Good
320,321,39.687205,-106.9467717,2209.9,-68.3551865, , , , , ,Good,Good,Good
110,111,39.686295,-106.945265,2208.5,-68.3365021, , , , , ,Good,Good,Good
511,512,39.69372333,-106.951075,2221.9,-68.3266907, , , , , ,Good,Good,Good
380,381,39.68974333,-106.9469833,2205.5,-68.2932205, , , , , ,Good,Good,Good
44,45,39.68681833,-106.9425367,2227.7,-68.2696991, , , , , ,Good,Good,Good
756,757,39.68839167,-106.9413817,2230.8,-68.2200317, , , , , ,Good,Good,Good
579,580,39.690525,-106.9467067,2228.4,-68.1531448, , , , , ,Good,Good,Good
321,322,39.68726833,-106.9467683,2211.5,-68.1308517, , , , , ,Good,Good,Good
755,756,39.68846,-106.941385,2230.9,-68.1150513, , , , , ,Good,Good,Good
589,590,39.69042333,-106.94584,2227.9,-68.1143723, , , , , ,Good,Good,Good
754,755,39.68850833,-106.9414083,2231.2,-67.9865570, , , , , ,Good,Good,Good
581,582,39.69057,-106.9465133,2229.8,-67.9807434, , , , , ,Good,Good,Good
322,323,39.68731667,-106.9467617,2213.2,-67.9417343, , , , , ,Good,Good,Good
323,324,39.68738333,-106.9468033,2213.5,-67.9072952, , , , , ,Good,Good,Good
753,754,39.68853667,-106.9414417,2231.5,-67.8601456, , , , , ,Good,Good,Good
750,751,39.68864,-106.9414067,2231.8,-67.8398361, , , , , ,Good,Good,Good
580,581,39.69054167,-106.9465983,2229,-67.8000641, , , , , ,Good,Good,Good
752,753,39.688585,-106.94145,2230.7,-67.7704697, , , , , ,Good,Good,Good
751,752,39.68859833,-106.9414467,2231.8,-67.7601929, , , , , ,Good,Good,Good
45,46,39.68692,-106.9425917,2227.7,-67.7012634, , , , , ,Good,Good,Good
109,110,39.68639,-106.9452883,2208.9,-67.6297989, , , , , ,Good,Good,Good
324,325,39.68746333,-106.9467933,2214.8,-67.5984344, , , , , ,Good,Good,Good
379,380,39.68971,-106.94683,2206.8,-67.3069687, , , , , ,Good,Good,Good
640,641,39.690385,-106.9435717,2236.5,-67.2581329, , , , , ,Good,Good,Good
325,326,39.68751167,-106.9467517,2216.6,-67.2411575, , , , , ,Good,Good,Good
46,47,39.68699,-106.9426883,2227.4,-67.0354919, , , , , ,Good,Good,Good
773,774,39.68777833,-106.9421317,2231.3,-66.9489746, , , , , ,Good,Good,Good
590,591,39.69037833,-106.945765,2226.8,-66.9300385, , , , , ,Good,Good,Good
108,109,39.686495,-106.945275,2209.5,-66.8002548, , , , , ,Good,Good,Good
326,327,39.68756167,-106.9466783,2216.8,-66.6591339, , , , , ,Good,Good,Good
17,18,39.687825,-106.9421433,2238,-66.5327606, , , , , ,Good,Good,Good
47,48,39.68705167,-106.9427583,2226.7,-66.3811417, , , , , ,Good,Good,Good
378,379,39.68967167,-106.94669,2207.8,-66.3579559, , , , , ,Good,Good,Good
327,328,39.68762667,-106.9466583,2217.6,-66.2848358, , , , , ,Good,Good,Good
106,107,39.68658,-106.94525,2210.9,-66.1223602, , , , , ,Good,Good,Good
107,108,39.68658167,-106.945245,2210.6,-66.1062775, , , , , ,Good,Good,Good
105,106,39.68663333,-106.9452317,2211.5,-65.7443695, , , , , ,Good,Good,Good
328,329,39.68768,-106.9465933,2220.3,-65.6987839, , , , , ,Good,Good,Good
48,49,39.68713667,-106.942825,2227,-65.6236496, , , , , ,Good,Good,Good
774,775,39.68785167,-106.94225,2230.9,-65.5909805, , , , , ,Good,Good,Good
591,592,39.69032667,-106.9456967,2226.1,-65.5417252, , , , , ,Good,Good,Good
639,640,39.69030667,-106.9435817,2235.4,-65.2307739, , , , , ,Good,Good,Good
377,378,39.68962833,-106.9465267,2208.6,-65.2135086, , , , , ,Good,Good,Good
104,105,39.686705,-106.9451983,2212,-65.2111588, , , , , ,Good,Good,Good
329,330,39.68774333,-106.9465533,2223,-65.1770630, , , , , ,Good,Good,Good
330,331,39.68773667,-106.9465467,2222.6,-65.1635742, , , , , ,Good,Good,Good
16,17,39.68789833,-106.9422933,2238,-65.1062088, , , , , ,Good,Good,Good
592,593,39.69027167,-106.9456933,2225.5,-65.0461426, , , , , ,Good,Good,Good
49,50,39.68720833,-106.94292,2226.2,-64.8492126, , , , , ,Good,Good,Good
103,104,39.686775,-106.9452283,2211.6,-64.7794647, , , , , ,Good,Good,Good
775,776,39.68791,-106.9423683,2231.7,-64.5886917, , , , , ,Good,Good,Good
593,594,39.69018667,-106.9456633,2224.4,-64.4100113, , , , , ,Good,Good,Good
638,639,39.69024667,-106.943605,2234.7,-64.3797836, , , , , ,Good,Good,Good
102,103,39.686855,-106.9452483,2211.1,-64.2614288, , , , , ,Good,Good,Good
331,332,39.68777667,-106.94642,2222.7,-64.1774902, , , , , ,Good,Good,Good
376,377,39.68957833,-106.94639,2209.4,-64.1715622, , , , , ,Good,Good,Good
50,51,39.68726,-106.94303,2226.8,-64.1286545, , , , , ,Good,Good,Good
15,16,39.68795667,-106.9424417,2238.7,-64.0016861, , , , , ,Good,Good,Good
101,102,39.68692,-106.94527,2211.1,-63.8710136, , , , , ,Good,Good,Good
594,595,39.690105,-106.9456117,2224.9,-63.7391205, , , , , ,Good,Good,Good
51,52,39.68729333,-106.9431233,2227.1,-63.5994148, , , , , ,Good,Good,Good
332,333,39.68778333,-106.946315,2223.9,-63.4750443, , , , , ,Good,Good,Good
776,777,39.68798167,-106.94252,2231.9,-63.4208298, , , , , ,Good,Good,Good
100,101,39.68698833,-106.9452667,2212.6,-63.3997078, , , , , ,Good,Good,Good
375,376,39.68951167,-106.9462817,2209.8,-63.3140907, , , , , ,Good,Good,Good
595,596,39.69003,-106.9455783,2223.5,-63.1596642, , , , , ,Good,Good,Good
637,638,39.69016667,-106.9436567,2233.5,-63.0153809, , , , , ,Good,Good,Good
14,15,39.68801,-106.9425817,2239.2,-62.9391632, , , , , ,Good,Good,Good
52,53,39.68735167,-106.943215,2228.2,-62.9379234, , , , , ,Good,Good,Good
596,597,39.68999333,-106.9455667,2222,-62.8887444, , , , , ,Good,Good,Good
99,100,39.68707833,-106.945235,2214.1,-62.7177696, , , , , ,Good,Good,Good
333,334,39.68781667,-106.9461983,2225.2,-62.5848351, , , , , ,Good,Good,Good
777,778,39.68804,-106.9426483,2231.6,-62.4170151, , , , , ,Good,Good,Good
374,375,39.68944,-106.946165,2210.9,-62.4024277, , , , , ,Good,Good,Good
597,598,39.68993667,-106.9454717,2224,-62.2796593, , , , , ,Good,Good,Good
98,99,39.68715,-106.9452217,2215,-62.2561836, , , , , ,Good,Good,Good
53,54,39.68741667,-106.9433183,2228.3,-62.2430305, , , , , ,Good,Good,Good
636,637,39.69009167,-106.9436867,2232,-62.1534805, , , , , ,Good,Good,Good
635,636,39.69007333,-106.9436917,2231.4,-62.0874557, , , , , ,Good,Good,Good
97,98,39.68722167,-106.94522,2216.4,-62.0754280, , , , , ,Good,Good,Good
598,599,39.68987333,-106.9454733,2223.7,-61.9498978, , , , , ,Good,Good,Good
13,14,39.68806,-106.9427133,2238.8,-61.9310532, , , , , ,Good,Good,Good
634,635,39.690025,-106.9437267,2230.8,-61.9024582, , , , , ,Good,Good,Good
96,97,39.68729333,-106.9452483,2217.7,-61.9013748, , , , , ,Good,Good,Good
95,96,39.68737833,-106.9452333,2219.2,-61.7546692, , , , , ,Good,Good,Good
94,95,39.68741333,-106.94519,2220.6,-61.7296448, , , , , ,Good,Good,Good
633,634,39.68995833,-106.943805,2230.4,-61.7262268, , , , , ,Good,Good,Good
57,58,39.68765167,-106.943595,2223.4,-61.7236252, , , , , ,Good,Good,Good
58,59,39.687665,-106.94362,2221.7,-61.7199974, , , , , ,Good,Good,Good
59,60,39.68772167,-106.9437267,2221.2,-61.7031898, , , , , ,Good,Good,Good
56,57,39.687645,-106.9435733,2223.5,-61.7009239, , , , , ,Good,Good,Good
93,94,39.687475,-106.94517,2220.6,-61.6674156, , , , , ,Good,Good,Good
60,61,39.68779333,-106.943825,2219.1,-61.6648178, , , , , ,Good,Good,Good
61,62,39.68782167,-106.9438817,2217.9,-61.6453438, , , , , ,Good,Good,Good
54,55,39.68749,-106.9434117,2227.5,-61.6427307, , , , , ,Good,Good,Good
92,93,39.68755,-106.9451433,2221.1,-61.5942955, , , , , ,Good,Good,Good
55,56,39.687585,-106.9434667,2225.6,-61.5725822, , , , , ,Good,Good,Good
632,633,39.68987,-106.943825,2229.3,-61.5552979, , , , , ,Good,Good,Good
62,63,39.68791833,-106.9439383,2218.1,-61.5541878, , , , , ,Good,Good,Good
334,335,39.68789,-106.946085,2226.1,-61.5398636, , , , , ,Good,Good,Good
91,92,39.68764167,-106.945145,2222.2,-61.5011292, , , , , ,Good,Good,Good
599,600,39.68978833,-106.9454383,2223.1,-61.4731102, , , , , ,Good,Good,Good
90,91,39.687705,-106.945085,2222.5,-61.4504662, , , , , ,Good,Good,Good
63,64,39.688,-106.9440083,2218.9,-61.4443169, , , , , ,Good,Good,Good
631,632,39.68980833,-106.943895,2228.8,-61.4348145, , , , , ,Good,Good,Good
89,90,39.687785,-106.94503,2223,-61.3826027, , , , , ,Good,Good,Good
88,89,39.68783667,-106.94498,2222.8,-61.3419991, , , , , ,Good,Good,Good
778,779,39.68809,-106.9427917,2230.5,-61.3313179, , , , , ,Good,Good,Good
600,601,39.68975833,-106.9453367,2223.1,-61.3281212, , , , , ,Good,Good,Good
64,65,39.68808167,-106.9440783,2220.2,-61.3278313, , , , , ,Good,Good,Good
87,88,39.68788667,-106.944915,2222.4,-61.3064194, , , , , ,Good,Good,Good
630,631,39.68974167,-106.9439517,2228.1,-61.3046341, , , , , ,Good,Good,Good
373,374,39.689355,-106.9460233,2211.7,-61.3017120, , , , , ,Good,Good,Good
86,87,39.68795,-106.9448783,2221.9,-61.2511673, , , , , ,Good,Good,Good
85,86,39.68800167,-106.9448233,2222,-61.2116852, , , , , ,Good,Good,Good
601,602,39.68968667,-106.945305,2222.7,-61.1922226, , , , , ,Good,Good,Good
629,630,39.68967667,-106.9440133,2226.5,-61.1798973, , , , , ,Good,Good,Good
65,66,39.68820167,-106.944135,2222,-61.1739273, , , , , ,Good,Good,Good
84,85,39.68806,-106.9447783,2222.6,-61.1632957, , , , , ,Good,Good,Good
7,8,39.68841,-106.94342,2228.7,-61.1284981, , , , , ,Good,Good,Good
782,783,39.68835333,-106.9433383,2224.9,-61.1273918, , , , , ,Good,Good,Good
83,84,39.68811,-106.944725,2222.4,-61.1251030, , , , , ,Good,Good,Good
8,9,39.68835167,-106.94332,2230.6,-61.1151085, , , , , ,Good,Good,Good
783,784,39.68842333,-106.943455,2223.5,-61.1137848, , , , , ,Good,Good,Good
784,785,39.68843333,-106.9433833,2223,-61.1062851, , , , , ,Good,Good,Good
82,83,39.68814667,-106.94466,2222.5,-61.1028748, , , , , ,Good,Good,Good
66,67,39.68827167,-106.944165,2223.4,-61.0881386, , , , , ,Good,Good,Good
602,603,39.68963,-106.94525,2222.5,-61.0848541, , , , , ,Good,Good,Good
6,7,39.68846833,-106.94354,2227.2,-61.0561523, , , , , ,Good,Good,Good
339,340,39.68797667,-106.9456467,2223.7,-61.0528221, , , , , ,Good,Good,Good
628,629,39.68961,-106.9440717,2226.5,-61.0520706, , , , , ,Good,Good,Good
785,786,39.68849667,-106.9433467,2223,-61.0439491, , , , , ,Good,Good,Good
9,10,39.68829833,-106.943225,2232.2,-61.0437698, , , , , ,Good,Good,Good
340,341,39.68799833,-106.9456267,2222.8,-61.0357094, , , , , ,Good,Good,Good
338,339,39.68795333,-106.9456967,2224.6,-61.0301247, , , , , ,Good,Good,Good
81,82,39.68824667,-106.9446217,2223.1,-61.0112495, , , , , ,Good,Good,Good
341,342,39.68803,-106.945595,2221.7,-61.0110588, , , , , ,Good,Good,Good
67,68,39.68835833,-106.9441833,2224.2,-60.9972420, , , , , ,Good,Good,Good
781,782,39.68827667,-106.9431983,2225.7,-60.9961739, , , , , ,Good,Good,Good
342,343,39.68806,-106.94555,2220.6,-60.9910469, , , , , ,Good,Good,Good
343,344,39.68808167,-106.9455033,2219.6,-60.9797630, , , , , ,Good,Good,Good
603,604,39.68957333,-106.9452467,2222,-60.9772072, , , , , ,Good,Good,Good
5,6,39.68851167,-106.94366,2226.1,-60.9760513, , , , , ,Good,Good,Good
786,787,39.68857833,-106.9433433,2222.8,-60.9709396, , , , , ,Good,Good,Good
337,338,39.68795167,-106.945765,2225.9,-60.9681244, , , , , ,Good,Good,Good
335,336,39.68794,-106.9459617,2225.9,-60.9563179, , , , , ,Good,Good,Good
344,345,39.68812,-106.945445,2218.8,-60.9543800, , , , , ,Good,Good,Good
12,13,39.68811167,-106.9428483,2237.6,-60.9480019, , , , , ,Good,Good,Good
68,69,39.68841167,-106.9442367,2224.6,-60.9318886, , , , , ,Good,Good,Good
345,346,39.688155,-106.94539,2218.1,-60.9315910, , , , , ,Good,Good,Good
336,337,39.68792333,-106.9458483,2226.5,-60.9219627, , , , , ,Good,Good,Good
627,628,39.689525,-106.9440983,2225.9,-60.9163094, , , , , ,Good,Good,Good
787,788,39.68863833,-106.9433667,2222.4,-60.9161415, , , , , ,Good,Good,Good
80,81,39.68836,-106.9445783,2223.6,-60.9074059, , , , , ,Good,Good,Good
346,347,39.68819,-106.945365,2217.3,-60.9021111, , , , , ,Good,Good,Good
4,5,39.688555,-106.9438217,2226.3,-60.8842049, , , , , ,Good,Good,Good
604,605,39.68949,-106.945245,2221.6,-60.8809471, , , , , ,Good,Good,Good
788,789,39.68867667,-106.9434017,2222.6,-60.8710213, , , , , ,Good,Good,Good
347,348,39.68823,-106.9453583,2216.3,-60.8635368, , , , , ,Good,Good,Good
69,70,39.68848167,-106.94428,2225.6,-60.8521004, , , , , ,Good,Good,Good
372,373,39.68929167,-106.9459017,2212.2,-60.8332939, , , , , ,Good,Good,Good
348,349,39.68827167,-106.9453317,2215.3,-60.8277283, , , , , ,Good,Good,Good
3,4,39.68858667,-106.943955,2226.7,-60.8195763, , , , , ,Good,Good,Good
10,11,39.68823667,-106.94311,2233.9,-60.8150368, , , , , ,Good,Good,Good
79,80,39.68846167,-106.9445433,2223.9,-60.8133659, , , , , ,Good,Good,Good
349,350,39.68830833,-106.9452683,2214.8,-60.8051567, , , , , ,Good,Good,Good
626,627,39.68943667,-106.9441133,2225.3,-60.7984467, , , , , ,Good,Good,Good
789,790,39.68874167,-106.9434267,2222.5,-60.7911720, , , , , ,Good,Good,Good
779,780,39.68815,-106.942935,2228.5,-60.7889481, , , , , ,Good,Good,Good
350,351,39.68834333,-106.9452267,2215,-60.7793808, , , , , ,Good,Good,Good
70,71,39.68855,-106.9443633,2226.2,-60.7650566, , , , , ,Good,Good,Good
605,606,39.68938833,-106.9452233,2221,-60.7644043, , , , , ,Good,Good,Good
2,3,39.68862167,-106.9440883,2226.8,-60.7546387, , , , , ,Good,Good,Good
351,352,39.68838167,-106.9451817,2214.8,-60.7510147, , , , , ,Good,Good,Good
790,791,39.68878667,-106.943495,2222.6,-60.7244186, , , , , ,Good,Good,Good
780,781,39.68820667,-106.9430583,2227.3,-60.7193146, , , , , ,Good,Good,Good
625,626,39.68937333,-106.9441333,2224.8,-60.7166252, , , , , ,Good,Good,Good
11,12,39.68817333,-106.9429867,2235.6,-60.7149086, , , , , ,Good,Good,Good
352,353,39.68842333,-106.9451733,2214.8,-60.7111549, , , , , ,Good,Good,Good
606,607,39.68933667,-106.9452017,2220.9,-60.7094994, , , , , ,Good,Good,Good
78,79,39.68858167,-106.9445167,2224.4,-60.6990891, , , , , ,Good,Good,Good
1,2,39.68865833,-106.944255,2226.1,-60.6807060, , , , , ,Good,Good,Good
71,72,39.68864,-106.94441,2227.3,-60.6644745, , , , , ,Good,Good,Good
353,354,39.68849,-106.9451017,2215,-60.6603470, , , , , ,Good,Good,Good
800,801,39.68868833,-106.94426,2222.7,-60.6495361, , , , , ,Good,Good,Good
792,793,39.68882833,-106.9436383,2223.9,-60.6480522, , , , , ,Good,Good,Good
791,792,39.688845,-106.9435667,2223.6,-60.6473351, , , , , ,Good,Good,Good
607,608,39.68926833,-106.9451633,2220.8,-60.6370239, , , , , ,Good,Good,Good
793,794,39.68882333,-106.9437317,2224.2,-60.6322174, , , , , ,Good,Good,Good
72,73,39.68865833,-106.9444767,2226.7,-60.6312218, , , , , ,Good,Good,Good
355,356,39.68855667,-106.9449617,2216.2,-60.6248093, , , , , ,Good,Good,Good
794,795,39.688815,-106.9438183,2223.9,-60.6212311, , , , , ,Good,Good,Good
0,1,39.68869167,-106.9443733,2225.3,-60.6209030, , , , , ,Good,Good,Good
624,625,39.68928333,-106.9441617,2225,-60.6190529, , , , , ,Good,Good,Good
360,361,39.68867167,-106.9444767,2218.2,-60.6178589, , , , , ,Good,Good,Good
796,797,39.688785,-106.9439833,2224.6,-60.6144562, , , , , ,Good,Good,Good
801,802,39.688695,-106.9443883,2223.4,-60.6142197, , , , , ,Good,Good,Good
77,78,39.688675,-106.9444867,2225.4,-60.6122894, , , , , ,Good,Good,Good
73,74,39.68867833,-106.9444767,2225.3,-60.6111870, , , , , ,Good,Good,Good
76,77,39.68868333,-106.94447,2224.4,-60.6076736, , , , , ,Good,Good,Good
371,372,39.68921833,-106.94576,2212.5,-60.6072273, , , , , ,Good,Good,Good
799,800,39.68874833,-106.94419,2224.1,-60.6050568, , , , , ,Good,Good,Good
74,75,39.68869167,-106.94447,2225,-60.5993195, , , , , ,Good,Good,Good
354,355,39.68856333,-106.9450467,2215.6,-60.5991631, , , , , ,Good,Good,Good
795,796,39.68881833,-106.94392,2225.3,-60.5951958, , , , , ,Good,Good,Good
75,76,39.68869833,-106.9444633,2224.5,-60.5941429, , , , , ,Good,Good,Good
616,617,39.6887,-106.9444883,2221.4,-60.5868874, , , , , ,Good,Good,Good
356,357,39.688615,-106.9449033,2216.9,-60.5794106, , , , , ,Good,Good,Good
798,799,39.68880167,-106.9441,2225.9,-60.5717087, , , , , ,Good,Good,Good
615,616,39.68871167,-106.9445117,2222.1,-60.5699768, , , , , ,Good,Good,Good
797,798,39.688815,-106.94406,2225.4,-60.5672836, , , , , ,Good,Good,Good
359,360,39.68871,-106.9445733,2218.2,-60.5578995, , , , , ,Good,Good,Good
623,624,39.68922333,-106.944225,2224.5,-60.5560074, , , , , ,Good,Good,Good
361,362,39.68872,-106.9445483,2218.8,-60.5534630, , , , , ,Good,Good,Good
357,358,39.68866667,-106.9448117,2217.5,-60.5480957, , , , , ,Good,Good,Good
617,618,39.68874833,-106.9444667,2221,-60.5432930, , , , , ,Good,Good,Good
608,609,39.68917667,-106.9452033,2220.6,-60.5432243, , , , , ,Good,Good,Good
370,371,39.68914833,-106.9456183,2212.8,-60.5291862, , , , , ,Good,Good,Good
358,359,39.68872833,-106.9447033,2218.6,-60.5105209, , , , , ,Good,Good,Good
614,615,39.68876167,-106.9445983,2222.3,-60.5005569, , , , , ,Good,Good,Good
362,363,39.68876167,-106.9446183,2218.2,-60.4960938, , , , , ,Good,Good,Good
622,623,39.68916,-106.94432,2223.5,-60.4934349, , , , , ,Good,Good,Good
363,364,39.68876667,-106.9446317,2217.8,-60.4880943, , , , , ,Good,Good,Good
618,619,39.68881833,-106.9444283,2221.6,-60.4817429, , , , , ,Good,Good,Good
369,370,39.68909167,-106.945485,2213.5,-60.4653282, , , , , ,Good,Good,Good
609,610,39.68908833,-106.9452733,2220.6,-60.4539871, , , , , ,Good,Good,Good
619,620,39.68890167,-106.9443683,2222.7,-60.4270363, , , , , ,Good,Good,Good
364,365,39.68880667,-106.94476,2217.3,-60.4193878, , , , , ,Good,Good,Good
621,622,39.689075,-106.944355,2223.2,-60.4059944, , , , , ,Good,Good,Good
613,614,39.68883,-106.9447433,2222,-60.4044151, , , , , ,Good,Good,Good
368,369,39.689035,-106.945335,2214.1,-60.4008408, , , , , ,Good,Good,Good
610,611,39.689015,-106.9451867,2220.3,-60.3745346, , , , , ,Good,Good,Good
612,613,39.68888667,-106.9448983,2221.2,-60.3674278, , , , , ,Good,Good,Good
365,366,39.68885833,-106.9449183,2216.1,-60.3658333, , , , , ,Good,Good,Good
367,368,39.68897333,-106.945185,2214.7,-60.3574448, , , , , ,Good,Good,Good
620,621,39.68898833,-106.9443467,2223.1,-60.3571434, , , , , ,Good,Good,Good
611,612,39.68894333,-106.9450533,2220.7,-60.3549004, , , , , ,Good,Good,Good
366,367,39.68891333,-106.945055,2215.2,-60.3502693, , , , , ,Good,Good,Good
,,,,,,,,,,,Maybe,Maybe,
